team1,team2,team1_home_prediction,team2_home_prediction,team1_advantages,team2_advantages,team1_wins,team1_games,team1_ortg,team1_drtg,team1_efg,team1_tov_pct,team1_orb_pct,team1_ft_rate,team2_wins,team2_games,team2_ortg,team2_drtg,team2_efg,team2_tov_pct,team2_orb_pct,team2_ft_rate,prediction_date
ATL,BKN,1,0,10,2,7,10,121.05999999999999,116.46,0.5669000000000001,12.51,29.359999999999996,0.1847,2,10,113.84,118.1,0.5359,11.559999999999999,25.75,0.1488,2025-03-25
ATL,BOS,0,0,4,8,7,10,121.05999999999999,116.46,0.5669000000000001,12.51,29.359999999999996,0.1847,9,10,123.61000000000001,112.58,0.5716,10.23,27.5,0.1555,2025-03-25
ATL,BRK,1,0,8,4,7,10,121.05999999999999,116.46,0.5669000000000001,12.51,29.359999999999996,0.1847,5,10,118.64999999999998,116.03999999999999,0.5685,13.179999999999998,26.22,0.22399999999999998,2025-03-25
ATL,CHI,1,0,3,9,7,10,121.05999999999999,116.46,0.5669000000000001,12.51,29.359999999999996,0.1847,8,10,120.66000000000001,111.99999999999997,0.5733000000000001,10.890000000000002,23.07,0.19469999999999998,2025-03-25
ATL,CHO,1,0,11,1,7,10,121.05999999999999,116.46,0.5669000000000001,12.51,29.359999999999996,0.1847,4,10,112.92,123.73999999999998,0.5361,13.4,25.470000000000002,0.1698,2025-03-25
ATL,CLE,1,0,6,6,7,10,121.05999999999999,116.46,0.5669000000000001,12.51,29.359999999999996,0.1847,6,10,118.78,115.56000000000002,0.5473999999999999,11.26,25.690000000000005,0.22529999999999997,2025-03-25
ATL,DAL,1,0,8,4,7,10,121.05999999999999,116.46,0.5669000000000001,12.51,29.359999999999996,0.1847,3,10,117.63,123.57000000000001,0.5734000000000001,11.830000000000002,19.13,0.2226,2025-03-25
ATL,DEN,1,0,9,3,7,10,121.05999999999999,116.46,0.5669000000000001,12.51,29.359999999999996,0.1847,4,10,117.44000000000001,123.18999999999998,0.5530999999999999,12.5,28.759999999999998,0.2002,2025-03-25
ATL,DET,1,0,6,6,7,10,121.05999999999999,116.46,0.5669000000000001,12.51,29.359999999999996,0.1847,6,10,119.83,110.75,0.5635,11.84,26.55,0.23879999999999998,2025-03-25
ATL,GSW,0,0,6,6,7,10,121.05999999999999,116.46,0.5669000000000001,12.51,29.359999999999996,0.1847,7,10,114.71999999999998,113.24000000000001,0.5498,14.5,25.22,0.2524,2025-03-25
ATL,HOU,0,0,2,10,7,10,121.05999999999999,116.46,0.5669000000000001,12.51,29.359999999999996,0.1847,9,10,121.83,110.75,0.5428,11.47,35.52,0.1971,2025-03-25
ATL,IND,1,0,6,6,7,10,121.05999999999999,116.46,0.5669000000000001,12.51,29.359999999999996,0.1847,6,10,114.58999999999999,113.67999999999999,0.5462,11.91,21.71,0.2036,2025-03-25
ATL,LAC,0,0,2,10,7,10,121.05999999999999,116.46,0.5669000000000001,12.51,29.359999999999996,0.1847,8,10,122.71000000000001,110.67,0.5959000000000001,11.960000000000003,22.950000000000003,0.22290000000000001,2025-03-25
ATL,LAL,1,0,11,1,7,10,121.05999999999999,116.46,0.5669000000000001,12.51,29.359999999999996,0.1847,3,10,113.25999999999999,120.53000000000002,0.5441,12.629999999999999,22.549999999999997,0.18849999999999997,2025-03-25
ATL,MEM,1,0,7,5,7,10,121.05999999999999,116.46,0.5669000000000001,12.51,29.359999999999996,0.1847,6,10,118.96,114.71999999999998,0.545,10.47,28.01,0.1661,2025-03-25
ATL,MIA,1,0,9,3,7,10,121.05999999999999,116.46,0.5669000000000001,12.51,29.359999999999996,0.1847,2,10,109.27000000000001,114.83999999999999,0.5517,14.59,20.85,0.1474,2025-03-25
ATL,MIL,1,0,7,5,7,10,121.05999999999999,116.46,0.5669000000000001,12.51,29.359999999999996,0.1847,4,10,115.54,113.78,0.5513,11.22,19.54,0.2424,2025-03-25
ATL,MIN,0,1,1,11,7,10,121.05999999999999,116.46,0.5669000000000001,12.51,29.359999999999996,0.1847,7,10,122.42999999999999,111.5,0.5889,11.98,24.31,0.19480000000000003,2025-03-25
ATL,NOP,1,0,12,0,7,10,121.05999999999999,116.46,0.5669000000000001,12.51,29.359999999999996,0.1847,3,10,112.66,125.47,0.5549000000000001,15.459999999999999,28.669999999999998,0.16899999999999998,2025-03-25
ATL,NYK,1,0,7,5,7,10,121.05999999999999,116.46,0.5669000000000001,12.51,29.359999999999996,0.1847,5,10,112.85,109.51000000000002,0.5288999999999999,12.14,25.439999999999998,0.175,2025-03-25
ATL,OKC,0,1,2,10,7,10,121.05999999999999,116.46,0.5669000000000001,12.51,29.359999999999996,0.1847,9,10,123.32000000000001,108.75,0.5799999999999998,10.620000000000001,23.22,0.19370000000000004,2025-03-25
ATL,ORL,1,0,6,6,7,10,121.05999999999999,116.46,0.5669000000000001,12.51,29.359999999999996,0.1847,6,10,115.66,112.26999999999998,0.5254,10.6,23.8,0.22240000000000001,2025-03-25
ATL,PHI,1,0,8,4,7,10,121.05999999999999,116.46,0.5669000000000001,12.51,29.359999999999996,0.1847,2,10,113.79,123.79,0.5424,12.05,22.06,0.1963,2025-03-25
ATL,PHO,1,0,10,2,7,10,121.05999999999999,116.46,0.5669000000000001,12.51,29.359999999999996,0.1847,5,10,114.93999999999998,116.97,0.5551999999999999,13.41,25.080000000000002,0.18110000000000004,2025-03-25
ATL,PHX,1,0,6,6,7,10,121.05999999999999,116.46,0.5669000000000001,12.51,29.359999999999996,0.1847,6,10,123.97,117.97,0.595,12.819999999999999,26.04,0.1879,2025-03-25
ATL,POR,1,0,8,4,7,10,121.05999999999999,116.46,0.5669000000000001,12.51,29.359999999999996,0.1847,4,10,114.44000000000001,115.11999999999998,0.5202000000000001,13.569999999999999,34.3,0.17320000000000002,2025-03-25
ATL,SAC,1,0,7,5,7,10,121.05999999999999,116.46,0.5669000000000001,12.51,29.359999999999996,0.1847,2,10,114.12,125.47,0.5414000000000001,12.2,23.050000000000004,0.1915,2025-03-25
ATL,SAS,1,0,6,6,7,10,121.05999999999999,116.46,0.5669000000000001,12.51,29.359999999999996,0.1847,5,10,122.75,123.26000000000002,0.5769,11.790000000000001,28.610000000000003,0.1961,2025-03-25
ATL,TOR,0,0,6,6,7,10,121.05999999999999,116.46,0.5669000000000001,12.51,29.359999999999996,0.1847,5,10,109.04,112.33,0.4858999999999999,13.12,32.86999999999999,0.195,2025-03-25
ATL,UTA,1,0,11,1,7,10,121.05999999999999,116.46,0.5669000000000001,12.51,29.359999999999996,0.1847,1,10,106.27000000000001,120.0,0.5244,15.38,21.439999999999998,0.1784,2025-03-25
ATL,WAS,1,0,10,2,7,10,121.05999999999999,116.46,0.5669000000000001,12.51,29.359999999999996,0.1847,3,10,108.21999999999998,118.14000000000001,0.5089,13.0,25.279999999999998,0.1705,2025-03-25
BKN,BOS,0,1,0,12,2,10,113.84,118.1,0.5359,11.559999999999999,25.75,0.1488,9,10,123.61000000000001,112.58,0.5716,10.23,27.5,0.1555,2025-03-25
BKN,BRK,1,1,3,9,2,10,113.84,118.1,0.5359,11.559999999999999,25.75,0.1488,5,10,118.64999999999998,116.03999999999999,0.5685,13.179999999999998,26.22,0.22399999999999998,2025-03-25
BKN,CHI,0,1,2,10,2,10,113.84,118.1,0.5359,11.559999999999999,25.75,0.1488,8,10,120.66000000000001,111.99999999999997,0.5733000000000001,10.890000000000002,23.07,0.19469999999999998,2025-03-25
BKN,CHO,1,1,7,5,2,10,113.84,118.1,0.5359,11.559999999999999,25.75,0.1488,4,10,112.92,123.73999999999998,0.5361,13.4,25.470000000000002,0.1698,2025-03-25
BKN,CLE,0,1,3,9,2,10,113.84,118.1,0.5359,11.559999999999999,25.75,0.1488,6,10,118.78,115.56000000000002,0.5473999999999999,11.26,25.690000000000005,0.22529999999999997,2025-03-25
BKN,DAL,1,1,6,6,2,10,113.84,118.1,0.5359,11.559999999999999,25.75,0.1488,3,10,117.63,123.57000000000001,0.5734000000000001,11.830000000000002,19.13,0.2226,2025-03-25
BKN,DEN,1,1,6,6,2,10,113.84,118.1,0.5359,11.559999999999999,25.75,0.1488,4,10,117.44000000000001,123.18999999999998,0.5530999999999999,12.5,28.759999999999998,0.2002,2025-03-25
BKN,DET,0,1,2,10,2,10,113.84,118.1,0.5359,11.559999999999999,25.75,0.1488,6,10,119.83,110.75,0.5635,11.84,26.55,0.23879999999999998,2025-03-25
BKN,GSW,0,1,3,9,2,10,113.84,118.1,0.5359,11.559999999999999,25.75,0.1488,7,10,114.71999999999998,113.24000000000001,0.5498,14.5,25.22,0.2524,2025-03-25
BKN,HOU,0,1,1,11,2,10,113.84,118.1,0.5359,11.559999999999999,25.75,0.1488,9,10,121.83,110.75,0.5428,11.47,35.52,0.1971,2025-03-25
BKN,IND,0,1,3,9,2,10,113.84,118.1,0.5359,11.559999999999999,25.75,0.1488,6,10,114.58999999999999,113.67999999999999,0.5462,11.91,21.71,0.2036,2025-03-25
BKN,LAC,0,1,3,9,2,10,113.84,118.1,0.5359,11.559999999999999,25.75,0.1488,8,10,122.71000000000001,110.67,0.5959000000000001,11.960000000000003,22.950000000000003,0.22290000000000001,2025-03-25
BKN,LAL,1,1,8,4,2,10,113.84,118.1,0.5359,11.559999999999999,25.75,0.1488,3,10,113.25999999999999,120.53000000000002,0.5441,12.629999999999999,22.549999999999997,0.18849999999999997,2025-03-25
BKN,MEM,1,1,1,11,2,10,113.84,118.1,0.5359,11.559999999999999,25.75,0.1488,6,10,118.96,114.71999999999998,0.545,10.47,28.01,0.1661,2025-03-25
BKN,MIA,1,1,6,6,2,10,113.84,118.1,0.5359,11.559999999999999,25.75,0.1488,2,10,109.27000000000001,114.83999999999999,0.5517,14.59,20.85,0.1474,2025-03-25
BKN,MIL,1,1,2,10,2,10,113.84,118.1,0.5359,11.559999999999999,25.75,0.1488,4,10,115.54,113.78,0.5513,11.22,19.54,0.2424,2025-03-25
BKN,MIN,0,1,3,9,2,10,113.84,118.1,0.5359,11.559999999999999,25.75,0.1488,7,10,122.42999999999999,111.5,0.5889,11.98,24.31,0.19480000000000003,2025-03-25
BKN,NOP,1,1,7,5,2,10,113.84,118.1,0.5359,11.559999999999999,25.75,0.1488,3,10,112.66,125.47,0.5549000000000001,15.459999999999999,28.669999999999998,0.16899999999999998,2025-03-25
BKN,NYK,1,1,4,8,2,10,113.84,118.1,0.5359,11.559999999999999,25.75,0.1488,5,10,112.85,109.51000000000002,0.5288999999999999,12.14,25.439999999999998,0.175,2025-03-25
BKN,OKC,0,1,2,10,2,10,113.84,118.1,0.5359,11.559999999999999,25.75,0.1488,9,10,123.32000000000001,108.75,0.5799999999999998,10.620000000000001,23.22,0.19370000000000004,2025-03-25
BKN,ORL,1,1,2,10,2,10,113.84,118.1,0.5359,11.559999999999999,25.75,0.1488,6,10,115.66,112.26999999999998,0.5254,10.6,23.8,0.22240000000000001,2025-03-25
BKN,PHI,1,1,7,5,2,10,113.84,118.1,0.5359,11.559999999999999,25.75,0.1488,2,10,113.79,123.79,0.5424,12.05,22.06,0.1963,2025-03-25
BKN,PHO,0,1,5,7,2,10,113.84,118.1,0.5359,11.559999999999999,25.75,0.1488,5,10,114.93999999999998,116.97,0.5551999999999999,13.41,25.080000000000002,0.18110000000000004,2025-03-25
BKN,PHX,1,1,3,9,2,10,113.84,118.1,0.5359,11.559999999999999,25.75,0.1488,6,10,123.97,117.97,0.595,12.819999999999999,26.04,0.1879,2025-03-25
BKN,POR,1,1,3,9,2,10,113.84,118.1,0.5359,11.559999999999999,25.75,0.1488,4,10,114.44000000000001,115.11999999999998,0.5202000000000001,13.569999999999999,34.3,0.17320000000000002,2025-03-25
BKN,SAC,1,1,5,7,2,10,113.84,118.1,0.5359,11.559999999999999,25.75,0.1488,2,10,114.12,125.47,0.5414000000000001,12.2,23.050000000000004,0.1915,2025-03-25
BKN,SAS,1,1,3,9,2,10,113.84,118.1,0.5359,11.559999999999999,25.75,0.1488,5,10,122.75,123.26000000000002,0.5769,11.790000000000001,28.610000000000003,0.1961,2025-03-25
BKN,TOR,0,1,4,8,2,10,113.84,118.1,0.5359,11.559999999999999,25.75,0.1488,5,10,109.04,112.33,0.4858999999999999,13.12,32.86999999999999,0.195,2025-03-25
BKN,UTA,1,1,9,3,2,10,113.84,118.1,0.5359,11.559999999999999,25.75,0.1488,1,10,106.27000000000001,120.0,0.5244,15.38,21.439999999999998,0.1784,2025-03-25
BKN,WAS,1,1,8,4,2,10,113.84,118.1,0.5359,11.559999999999999,25.75,0.1488,3,10,108.21999999999998,118.14000000000001,0.5089,13.0,25.279999999999998,0.1705,2025-03-25
BOS,BRK,1,0,9,3,9,10,123.61000000000001,112.58,0.5716,10.23,27.5,0.1555,5,10,118.64999999999998,116.03999999999999,0.5685,13.179999999999998,26.22,0.22399999999999998,2025-03-25
BOS,CHI,1,0,7,5,9,10,123.61000000000001,112.58,0.5716,10.23,27.5,0.1555,8,10,120.66000000000001,111.99999999999997,0.5733000000000001,10.890000000000002,23.07,0.19469999999999998,2025-03-25
BOS,CHO,1,0,11,1,9,10,123.61000000000001,112.58,0.5716,10.23,27.5,0.1555,4,10,112.92,123.73999999999998,0.5361,13.4,25.470000000000002,0.1698,2025-03-25
BOS,CLE,1,0,10,2,9,10,123.61000000000001,112.58,0.5716,10.23,27.5,0.1555,6,10,118.78,115.56000000000002,0.5473999999999999,11.26,25.690000000000005,0.22529999999999997,2025-03-25
BOS,DAL,1,0,9,3,9,10,123.61000000000001,112.58,0.5716,10.23,27.5,0.1555,3,10,117.63,123.57000000000001,0.5734000000000001,11.830000000000002,19.13,0.2226,2025-03-25
BOS,DEN,1,0,10,2,9,10,123.61000000000001,112.58,0.5716,10.23,27.5,0.1555,4,10,117.44000000000001,123.18999999999998,0.5530999999999999,12.5,28.759999999999998,0.2002,2025-03-25
BOS,DET,1,0,7,5,9,10,123.61000000000001,112.58,0.5716,10.23,27.5,0.1555,6,10,119.83,110.75,0.5635,11.84,26.55,0.23879999999999998,2025-03-25
BOS,GSW,0,0,9,3,9,10,123.61000000000001,112.58,0.5716,10.23,27.5,0.1555,7,10,114.71999999999998,113.24000000000001,0.5498,14.5,25.22,0.2524,2025-03-25
BOS,HOU,0,0,5,7,9,10,123.61000000000001,112.58,0.5716,10.23,27.5,0.1555,9,10,121.83,110.75,0.5428,11.47,35.52,0.1971,2025-03-25
BOS,IND,1,0,9,3,9,10,123.61000000000001,112.58,0.5716,10.23,27.5,0.1555,6,10,114.58999999999999,113.67999999999999,0.5462,11.91,21.71,0.2036,2025-03-25
BOS,LAC,0,0,6,6,9,10,123.61000000000001,112.58,0.5716,10.23,27.5,0.1555,8,10,122.71000000000001,110.67,0.5959000000000001,11.960000000000003,22.950000000000003,0.22290000000000001,2025-03-25
BOS,LAL,1,0,10,2,9,10,123.61000000000001,112.58,0.5716,10.23,27.5,0.1555,3,10,113.25999999999999,120.53000000000002,0.5441,12.629999999999999,22.549999999999997,0.18849999999999997,2025-03-25
BOS,MEM,1,0,8,4,9,10,123.61000000000001,112.58,0.5716,10.23,27.5,0.1555,6,10,118.96,114.71999999999998,0.545,10.47,28.01,0.1661,2025-03-25
BOS,MIA,1,0,11,1,9,10,123.61000000000001,112.58,0.5716,10.23,27.5,0.1555,2,10,109.27000000000001,114.83999999999999,0.5517,14.59,20.85,0.1474,2025-03-25
BOS,MIL,1,0,9,3,9,10,123.61000000000001,112.58,0.5716,10.23,27.5,0.1555,4,10,115.54,113.78,0.5513,11.22,19.54,0.2424,2025-03-25
BOS,MIN,0,0,6,6,9,10,123.61000000000001,112.58,0.5716,10.23,27.5,0.1555,7,10,122.42999999999999,111.5,0.5889,11.98,24.31,0.19480000000000003,2025-03-25
BOS,NOP,1,0,10,2,9,10,123.61000000000001,112.58,0.5716,10.23,27.5,0.1555,3,10,112.66,125.47,0.5549000000000001,15.459999999999999,28.669999999999998,0.16899999999999998,2025-03-25
BOS,NYK,1,0,8,4,9,10,123.61000000000001,112.58,0.5716,10.23,27.5,0.1555,5,10,112.85,109.51000000000002,0.5288999999999999,12.14,25.439999999999998,0.175,2025-03-25
BOS,OKC,0,0,5,7,9,10,123.61000000000001,112.58,0.5716,10.23,27.5,0.1555,9,10,123.32000000000001,108.75,0.5799999999999998,10.620000000000001,23.22,0.19370000000000004,2025-03-25
BOS,ORL,1,0,7,5,9,10,123.61000000000001,112.58,0.5716,10.23,27.5,0.1555,6,10,115.66,112.26999999999998,0.5254,10.6,23.8,0.22240000000000001,2025-03-25
BOS,PHI,1,0,10,2,9,10,123.61000000000001,112.58,0.5716,10.23,27.5,0.1555,2,10,113.79,123.79,0.5424,12.05,22.06,0.1963,2025-03-25
BOS,PHO,1,0,10,2,9,10,123.61000000000001,112.58,0.5716,10.23,27.5,0.1555,5,10,114.93999999999998,116.97,0.5551999999999999,13.41,25.080000000000002,0.18110000000000004,2025-03-25
BOS,PHX,1,0,8,4,9,10,123.61000000000001,112.58,0.5716,10.23,27.5,0.1555,6,10,123.97,117.97,0.595,12.819999999999999,26.04,0.1879,2025-03-25
BOS,POR,1,0,8,4,9,10,123.61000000000001,112.58,0.5716,10.23,27.5,0.1555,4,10,114.44000000000001,115.11999999999998,0.5202000000000001,13.569999999999999,34.3,0.17320000000000002,2025-03-25
BOS,SAC,1,0,9,3,9,10,123.61000000000001,112.58,0.5716,10.23,27.5,0.1555,2,10,114.12,125.47,0.5414000000000001,12.2,23.050000000000004,0.1915,2025-03-25
BOS,SAS,1,0,7,5,9,10,123.61000000000001,112.58,0.5716,10.23,27.5,0.1555,5,10,122.75,123.26000000000002,0.5769,11.790000000000001,28.610000000000003,0.1961,2025-03-25
BOS,TOR,1,0,7,5,9,10,123.61000000000001,112.58,0.5716,10.23,27.5,0.1555,5,10,109.04,112.33,0.4858999999999999,13.12,32.86999999999999,0.195,2025-03-25
BOS,UTA,1,0,11,1,9,10,123.61000000000001,112.58,0.5716,10.23,27.5,0.1555,1,10,106.27000000000001,120.0,0.5244,15.38,21.439999999999998,0.1784,2025-03-25
BOS,WAS,1,0,10,2,9,10,123.61000000000001,112.58,0.5716,10.23,27.5,0.1555,3,10,108.21999999999998,118.14000000000001,0.5089,13.0,25.279999999999998,0.1705,2025-03-25
BRK,CHI,0,1,2,10,5,10,118.64999999999998,116.03999999999999,0.5685,13.179999999999998,26.22,0.22399999999999998,8,10,120.66000000000001,111.99999999999997,0.5733000000000001,10.890000000000002,23.07,0.19469999999999998,2025-03-25
BRK,CHO,1,1,10,2,5,10,118.64999999999998,116.03999999999999,0.5685,13.179999999999998,26.22,0.22399999999999998,4,10,112.92,123.73999999999998,0.5361,13.4,25.470000000000002,0.1698,2025-03-25
BRK,CLE,0,1,4,8,5,10,118.64999999999998,116.03999999999999,0.5685,13.179999999999998,26.22,0.22399999999999998,6,10,118.78,115.56000000000002,0.5473999999999999,11.26,25.690000000000005,0.22529999999999997,2025-03-25
BRK,DAL,1,0,7,5,5,10,118.64999999999998,116.03999999999999,0.5685,13.179999999999998,26.22,0.22399999999999998,3,10,117.63,123.57000000000001,0.5734000000000001,11.830000000000002,19.13,0.2226,2025-03-25
BRK,DEN,1,1,8,4,5,10,118.64999999999998,116.03999999999999,0.5685,13.179999999999998,26.22,0.22399999999999998,4,10,117.44000000000001,123.18999999999998,0.5530999999999999,12.5,28.759999999999998,0.2002,2025-03-25
BRK,DET,1,1,2,10,5,10,118.64999999999998,116.03999999999999,0.5685,13.179999999999998,26.22,0.22399999999999998,6,10,119.83,110.75,0.5635,11.84,26.55,0.23879999999999998,2025-03-25
BRK,GSW,0,1,6,6,5,10,118.64999999999998,116.03999999999999,0.5685,13.179999999999998,26.22,0.22399999999999998,7,10,114.71999999999998,113.24000000000001,0.5498,14.5,25.22,0.2524,2025-03-25
BRK,HOU,0,1,3,9,5,10,118.64999999999998,116.03999999999999,0.5685,13.179999999999998,26.22,0.22399999999999998,9,10,121.83,110.75,0.5428,11.47,35.52,0.1971,2025-03-25
BRK,IND,0,1,6,6,5,10,118.64999999999998,116.03999999999999,0.5685,13.179999999999998,26.22,0.22399999999999998,6,10,114.58999999999999,113.67999999999999,0.5462,11.91,21.71,0.2036,2025-03-25
BRK,LAC,0,1,2,10,5,10,118.64999999999998,116.03999999999999,0.5685,13.179999999999998,26.22,0.22399999999999998,8,10,122.71000000000001,110.67,0.5959000000000001,11.960000000000003,22.950000000000003,0.22290000000000001,2025-03-25
BRK,LAL,1,1,8,4,5,10,118.64999999999998,116.03999999999999,0.5685,13.179999999999998,26.22,0.22399999999999998,3,10,113.25999999999999,120.53000000000002,0.5441,12.629999999999999,22.549999999999997,0.18849999999999997,2025-03-25
BRK,MEM,1,1,3,9,5,10,118.64999999999998,116.03999999999999,0.5685,13.179999999999998,26.22,0.22399999999999998,6,10,118.96,114.71999999999998,0.545,10.47,28.01,0.1661,2025-03-25
BRK,MIA,1,0,9,3,5,10,118.64999999999998,116.03999999999999,0.5685,13.179999999999998,26.22,0.22399999999999998,2,10,109.27000000000001,114.83999999999999,0.5517,14.59,20.85,0.1474,2025-03-25
BRK,MIL,1,1,6,6,5,10,118.64999999999998,116.03999999999999,0.5685,13.179999999999998,26.22,0.22399999999999998,4,10,115.54,113.78,0.5513,11.22,19.54,0.2424,2025-03-25
BRK,MIN,0,1,3,9,5,10,118.64999999999998,116.03999999999999,0.5685,13.179999999999998,26.22,0.22399999999999998,7,10,122.42999999999999,111.5,0.5889,11.98,24.31,0.19480000000000003,2025-03-25
BRK,NOP,1,0,10,2,5,10,118.64999999999998,116.03999999999999,0.5685,13.179999999999998,26.22,0.22399999999999998,3,10,112.66,125.47,0.5549000000000001,15.459999999999999,28.669999999999998,0.16899999999999998,2025-03-25
BRK,NYK,1,1,6,6,5,10,118.64999999999998,116.03999999999999,0.5685,13.179999999999998,26.22,0.22399999999999998,5,10,112.85,109.51000000000002,0.5288999999999999,12.14,25.439999999999998,0.175,2025-03-25
BRK,OKC,0,1,2,10,5,10,118.64999999999998,116.03999999999999,0.5685,13.179999999999998,26.22,0.22399999999999998,9,10,123.32000000000001,108.75,0.5799999999999998,10.620000000000001,23.22,0.19370000000000004,2025-03-25
BRK,ORL,1,1,5,7,5,10,118.64999999999998,116.03999999999999,0.5685,13.179999999999998,26.22,0.22399999999999998,6,10,115.66,112.26999999999998,0.5254,10.6,23.8,0.22240000000000001,2025-03-25
BRK,PHI,1,0,9,3,5,10,118.64999999999998,116.03999999999999,0.5685,13.179999999999998,26.22,0.22399999999999998,2,10,113.79,123.79,0.5424,12.05,22.06,0.1963,2025-03-25
BRK,PHO,0,1,9,3,5,10,118.64999999999998,116.03999999999999,0.5685,13.179999999999998,26.22,0.22399999999999998,5,10,114.93999999999998,116.97,0.5551999999999999,13.41,25.080000000000002,0.18110000000000004,2025-03-25
BRK,PHX,1,1,4,8,5,10,118.64999999999998,116.03999999999999,0.5685,13.179999999999998,26.22,0.22399999999999998,6,10,123.97,117.97,0.595,12.819999999999999,26.04,0.1879,2025-03-25
BRK,POR,1,1,7,5,5,10,118.64999999999998,116.03999999999999,0.5685,13.179999999999998,26.22,0.22399999999999998,4,10,114.44000000000001,115.11999999999998,0.5202000000000001,13.569999999999999,34.3,0.17320000000000002,2025-03-25
BRK,SAC,1,1,8,4,5,10,118.64999999999998,116.03999999999999,0.5685,13.179999999999998,26.22,0.22399999999999998,2,10,114.12,125.47,0.5414000000000001,12.2,23.050000000000004,0.1915,2025-03-25
BRK,SAS,1,1,4,8,5,10,118.64999999999998,116.03999999999999,0.5685,13.179999999999998,26.22,0.22399999999999998,5,10,122.75,123.26000000000002,0.5769,11.790000000000001,28.610000000000003,0.1961,2025-03-25
BRK,TOR,0,1,5,7,5,10,118.64999999999998,116.03999999999999,0.5685,13.179999999999998,26.22,0.22399999999999998,5,10,109.04,112.33,0.4858999999999999,13.12,32.86999999999999,0.195,2025-03-25
BRK,UTA,1,0,11,1,5,10,118.64999999999998,116.03999999999999,0.5685,13.179999999999998,26.22,0.22399999999999998,1,10,106.27000000000001,120.0,0.5244,15.38,21.439999999999998,0.1784,2025-03-25
BRK,WAS,1,0,9,3,5,10,118.64999999999998,116.03999999999999,0.5685,13.179999999999998,26.22,0.22399999999999998,3,10,108.21999999999998,118.14000000000001,0.5089,13.0,25.279999999999998,0.1705,2025-03-25
CHI,CHO,1,0,10,2,8,10,120.66000000000001,111.99999999999997,0.5733000000000001,10.890000000000002,23.07,0.19469999999999998,4,10,112.92,123.73999999999998,0.5361,13.4,25.470000000000002,0.1698,2025-03-25
CHI,CLE,1,1,8,4,8,10,120.66000000000001,111.99999999999997,0.5733000000000001,10.890000000000002,23.07,0.19469999999999998,6,10,118.78,115.56000000000002,0.5473999999999999,11.26,25.690000000000005,0.22529999999999997,2025-03-25
CHI,DAL,1,0,8,4,8,10,120.66000000000001,111.99999999999997,0.5733000000000001,10.890000000000002,23.07,0.19469999999999998,3,10,117.63,123.57000000000001,0.5734000000000001,11.830000000000002,19.13,0.2226,2025-03-25
CHI,DEN,1,0,10,2,8,10,120.66000000000001,111.99999999999997,0.5733000000000001,10.890000000000002,23.07,0.19469999999999998,4,10,117.44000000000001,123.18999999999998,0.5530999999999999,12.5,28.759999999999998,0.2002,2025-03-25
CHI,DET,1,1,8,4,8,10,120.66000000000001,111.99999999999997,0.5733000000000001,10.890000000000002,23.07,0.19469999999999998,6,10,119.83,110.75,0.5635,11.84,26.55,0.23879999999999998,2025-03-25
CHI,GSW,0,1,8,4,8,10,120.66000000000001,111.99999999999997,0.5733000000000001,10.890000000000002,23.07,0.19469999999999998,7,10,114.71999999999998,113.24000000000001,0.5498,14.5,25.22,0.2524,2025-03-25
CHI,HOU,0,1,3,9,8,10,120.66000000000001,111.99999999999997,0.5733000000000001,10.890000000000002,23.07,0.19469999999999998,9,10,121.83,110.75,0.5428,11.47,35.52,0.1971,2025-03-25
CHI,IND,1,0,9,3,8,10,120.66000000000001,111.99999999999997,0.5733000000000001,10.890000000000002,23.07,0.19469999999999998,6,10,114.58999999999999,113.67999999999999,0.5462,11.91,21.71,0.2036,2025-03-25
CHI,LAC,0,1,3,9,8,10,120.66000000000001,111.99999999999997,0.5733000000000001,10.890000000000002,23.07,0.19469999999999998,8,10,122.71000000000001,110.67,0.5959000000000001,11.960000000000003,22.950000000000003,0.22290000000000001,2025-03-25
CHI,LAL,1,0,12,0,8,10,120.66000000000001,111.99999999999997,0.5733000000000001,10.890000000000002,23.07,0.19469999999999998,3,10,113.25999999999999,120.53000000000002,0.5441,12.629999999999999,22.549999999999997,0.18849999999999997,2025-03-25
CHI,MEM,1,0,8,4,8,10,120.66000000000001,111.99999999999997,0.5733000000000001,10.890000000000002,23.07,0.19469999999999998,6,10,118.96,114.71999999999998,0.545,10.47,28.01,0.1661,2025-03-25
CHI,MIA,1,0,10,2,8,10,120.66000000000001,111.99999999999997,0.5733000000000001,10.890000000000002,23.07,0.19469999999999998,2,10,109.27000000000001,114.83999999999999,0.5517,14.59,20.85,0.1474,2025-03-25
CHI,MIL,1,0,8,4,8,10,120.66000000000001,111.99999999999997,0.5733000000000001,10.890000000000002,23.07,0.19469999999999998,4,10,115.54,113.78,0.5513,11.22,19.54,0.2424,2025-03-25
CHI,MIN,0,1,4,8,8,10,120.66000000000001,111.99999999999997,0.5733000000000001,10.890000000000002,23.07,0.19469999999999998,7,10,122.42999999999999,111.5,0.5889,11.98,24.31,0.19480000000000003,2025-03-25
CHI,NOP,1,0,11,1,8,10,120.66000000000001,111.99999999999997,0.5733000000000001,10.890000000000002,23.07,0.19469999999999998,3,10,112.66,125.47,0.5549000000000001,15.459999999999999,28.669999999999998,0.16899999999999998,2025-03-25
CHI,NYK,1,0,9,3,8,10,120.66000000000001,111.99999999999997,0.5733000000000001,10.890000000000002,23.07,0.19469999999999998,5,10,112.85,109.51000000000002,0.5288999999999999,12.14,25.439999999999998,0.175,2025-03-25
CHI,OKC,0,1,2,10,8,10,120.66000000000001,111.99999999999997,0.5733000000000001,10.890000000000002,23.07,0.19469999999999998,9,10,123.32000000000001,108.75,0.5799999999999998,10.620000000000001,23.22,0.19370000000000004,2025-03-25
CHI,ORL,1,0,8,4,8,10,120.66000000000001,111.99999999999997,0.5733000000000001,10.890000000000002,23.07,0.19469999999999998,6,10,115.66,112.26999999999998,0.5254,10.6,23.8,0.22240000000000001,2025-03-25
CHI,PHI,1,0,9,3,8,10,120.66000000000001,111.99999999999997,0.5733000000000001,10.890000000000002,23.07,0.19469999999999998,2,10,113.79,123.79,0.5424,12.05,22.06,0.1963,2025-03-25
CHI,PHO,0,1,10,2,8,10,120.66000000000001,111.99999999999997,0.5733000000000001,10.890000000000002,23.07,0.19469999999999998,5,10,114.93999999999998,116.97,0.5551999999999999,13.41,25.080000000000002,0.18110000000000004,2025-03-25
CHI,PHX,1,1,7,5,8,10,120.66000000000001,111.99999999999997,0.5733000000000001,10.890000000000002,23.07,0.19469999999999998,6,10,123.97,117.97,0.595,12.819999999999999,26.04,0.1879,2025-03-25
CHI,POR,1,0,9,3,8,10,120.66000000000001,111.99999999999997,0.5733000000000001,10.890000000000002,23.07,0.19469999999999998,4,10,114.44000000000001,115.11999999999998,0.5202000000000001,13.569999999999999,34.3,0.17320000000000002,2025-03-25
CHI,SAC,1,0,10,2,8,10,120.66000000000001,111.99999999999997,0.5733000000000001,10.890000000000002,23.07,0.19469999999999998,2,10,114.12,125.47,0.5414000000000001,12.2,23.050000000000004,0.1915,2025-03-25
CHI,SAS,1,1,6,6,8,10,120.66000000000001,111.99999999999997,0.5733000000000001,10.890000000000002,23.07,0.19469999999999998,5,10,122.75,123.26000000000002,0.5769,11.790000000000001,28.610000000000003,0.1961,2025-03-25
CHI,TOR,0,0,8,4,8,10,120.66000000000001,111.99999999999997,0.5733000000000001,10.890000000000002,23.07,0.19469999999999998,5,10,109.04,112.33,0.4858999999999999,13.12,32.86999999999999,0.195,2025-03-25
CHI,UTA,1,0,11,1,8,10,120.66000000000001,111.99999999999997,0.5733000000000001,10.890000000000002,23.07,0.19469999999999998,1,10,106.27000000000001,120.0,0.5244,15.38,21.439999999999998,0.1784,2025-03-25
CHI,WAS,1,0,10,2,8,10,120.66000000000001,111.99999999999997,0.5733000000000001,10.890000000000002,23.07,0.19469999999999998,3,10,108.21999999999998,118.14000000000001,0.5089,13.0,25.279999999999998,0.1705,2025-03-25
CHO,CLE,0,1,1,11,4,10,112.92,123.73999999999998,0.5361,13.4,25.470000000000002,0.1698,6,10,118.78,115.56000000000002,0.5473999999999999,11.26,25.690000000000005,0.22529999999999997,2025-03-25
CHO,DAL,1,1,3,9,4,10,112.92,123.73999999999998,0.5361,13.4,25.470000000000002,0.1698,3,10,117.63,123.57000000000001,0.5734000000000001,11.830000000000002,19.13,0.2226,2025-03-25
CHO,DEN,0,1,2,10,4,10,112.92,123.73999999999998,0.5361,13.4,25.470000000000002,0.1698,4,10,117.44000000000001,123.18999999999998,0.5530999999999999,12.5,28.759999999999998,0.2002,2025-03-25
CHO,DET,0,1,1,11,4,10,112.92,123.73999999999998,0.5361,13.4,25.470000000000002,0.1698,6,10,119.83,110.75,0.5635,11.84,26.55,0.23879999999999998,2025-03-25
CHO,GSW,0,1,2,10,4,10,112.92,123.73999999999998,0.5361,13.4,25.470000000000002,0.1698,7,10,114.71999999999998,113.24000000000001,0.5498,14.5,25.22,0.2524,2025-03-25
CHO,HOU,0,1,0,12,4,10,112.92,123.73999999999998,0.5361,13.4,25.470000000000002,0.1698,9,10,121.83,110.75,0.5428,11.47,35.52,0.1971,2025-03-25
CHO,IND,0,1,1,11,4,10,112.92,123.73999999999998,0.5361,13.4,25.470000000000002,0.1698,6,10,114.58999999999999,113.67999999999999,0.5462,11.91,21.71,0.2036,2025-03-25
CHO,LAC,0,1,1,11,4,10,112.92,123.73999999999998,0.5361,13.4,25.470000000000002,0.1698,8,10,122.71000000000001,110.67,0.5959000000000001,11.960000000000003,22.950000000000003,0.22290000000000001,2025-03-25
CHO,LAL,1,1,3,9,4,10,112.92,123.73999999999998,0.5361,13.4,25.470000000000002,0.1698,3,10,113.25999999999999,120.53000000000002,0.5441,12.629999999999999,22.549999999999997,0.18849999999999997,2025-03-25
CHO,MEM,0,1,2,10,4,10,112.92,123.73999999999998,0.5361,13.4,25.470000000000002,0.1698,6,10,118.96,114.71999999999998,0.545,10.47,28.01,0.1661,2025-03-25
CHO,MIA,1,1,6,6,4,10,112.92,123.73999999999998,0.5361,13.4,25.470000000000002,0.1698,2,10,109.27000000000001,114.83999999999999,0.5517,14.59,20.85,0.1474,2025-03-25
CHO,MIL,1,1,1,11,4,10,112.92,123.73999999999998,0.5361,13.4,25.470000000000002,0.1698,4,10,115.54,113.78,0.5513,11.22,19.54,0.2424,2025-03-25
CHO,MIN,0,1,1,11,4,10,112.92,123.73999999999998,0.5361,13.4,25.470000000000002,0.1698,7,10,122.42999999999999,111.5,0.5889,11.98,24.31,0.19480000000000003,2025-03-25
CHO,NOP,1,0,8,4,4,10,112.92,123.73999999999998,0.5361,13.4,25.470000000000002,0.1698,3,10,112.66,125.47,0.5549000000000001,15.459999999999999,28.669999999999998,0.16899999999999998,2025-03-25
CHO,NYK,1,1,4,8,4,10,112.92,123.73999999999998,0.5361,13.4,25.470000000000002,0.1698,5,10,112.85,109.51000000000002,0.5288999999999999,12.14,25.439999999999998,0.175,2025-03-25
CHO,OKC,0,1,1,11,4,10,112.92,123.73999999999998,0.5361,13.4,25.470000000000002,0.1698,9,10,123.32000000000001,108.75,0.5799999999999998,10.620000000000001,23.22,0.19370000000000004,2025-03-25
CHO,ORL,1,1,3,9,4,10,112.92,123.73999999999998,0.5361,13.4,25.470000000000002,0.1698,6,10,115.66,112.26999999999998,0.5254,10.6,23.8,0.22240000000000001,2025-03-25
CHO,PHI,1,1,5,7,4,10,112.92,123.73999999999998,0.5361,13.4,25.470000000000002,0.1698,2,10,113.79,123.79,0.5424,12.05,22.06,0.1963,2025-03-25
CHO,PHO,0,1,3,9,4,10,112.92,123.73999999999998,0.5361,13.4,25.470000000000002,0.1698,5,10,114.93999999999998,116.97,0.5551999999999999,13.41,25.080000000000002,0.18110000000000004,2025-03-25
CHO,PHX,1,1,2,10,4,10,112.92,123.73999999999998,0.5361,13.4,25.470000000000002,0.1698,6,10,123.97,117.97,0.595,12.819999999999999,26.04,0.1879,2025-03-25
CHO,POR,0,1,2,10,4,10,112.92,123.73999999999998,0.5361,13.4,25.470000000000002,0.1698,4,10,114.44000000000001,115.11999999999998,0.5202000000000001,13.569999999999999,34.3,0.17320000000000002,2025-03-25
CHO,SAC,1,1,6,6,4,10,112.92,123.73999999999998,0.5361,13.4,25.470000000000002,0.1698,2,10,114.12,125.47,0.5414000000000001,12.2,23.050000000000004,0.1915,2025-03-25
CHO,SAS,0,1,1,11,4,10,112.92,123.73999999999998,0.5361,13.4,25.470000000000002,0.1698,5,10,122.75,123.26000000000002,0.5769,11.790000000000001,28.610000000000003,0.1961,2025-03-25
CHO,TOR,0,1,4,8,4,10,112.92,123.73999999999998,0.5361,13.4,25.470000000000002,0.1698,5,10,109.04,112.33,0.4858999999999999,13.12,32.86999999999999,0.195,2025-03-25
CHO,UTA,1,1,7,5,4,10,112.92,123.73999999999998,0.5361,13.4,25.470000000000002,0.1698,1,10,106.27000000000001,120.0,0.5244,15.38,21.439999999999998,0.1784,2025-03-25
CHO,WAS,1,1,6,6,4,10,112.92,123.73999999999998,0.5361,13.4,25.470000000000002,0.1698,3,10,108.21999999999998,118.14000000000001,0.5089,13.0,25.279999999999998,0.1705,2025-03-25
CLE,DAL,1,0,9,3,6,10,118.78,115.56000000000002,0.5473999999999999,11.26,25.690000000000005,0.22529999999999997,3,10,117.63,123.57000000000001,0.5734000000000001,11.830000000000002,19.13,0.2226,2025-03-25
CLE,DEN,1,0,9,3,6,10,118.78,115.56000000000002,0.5473999999999999,11.26,25.690000000000005,0.22529999999999997,4,10,117.44000000000001,123.18999999999998,0.5530999999999999,12.5,28.759999999999998,0.2002,2025-03-25
CLE,DET,1,1,2,10,6,10,118.78,115.56000000000002,0.5473999999999999,11.26,25.690000000000005,0.22529999999999997,6,10,119.83,110.75,0.5635,11.84,26.55,0.23879999999999998,2025-03-25
CLE,GSW,0,1,6,6,6,10,118.78,115.56000000000002,0.5473999999999999,11.26,25.690000000000005,0.22529999999999997,7,10,114.71999999999998,113.24000000000001,0.5498,14.5,25.22,0.2524,2025-03-25
CLE,HOU,0,1,4,8,6,10,118.78,115.56000000000002,0.5473999999999999,11.26,25.690000000000005,0.22529999999999997,9,10,121.83,110.75,0.5428,11.47,35.52,0.1971,2025-03-25
CLE,IND,1,1,8,4,6,10,118.78,115.56000000000002,0.5473999999999999,11.26,25.690000000000005,0.22529999999999997,6,10,114.58999999999999,113.67999999999999,0.5462,11.91,21.71,0.2036,2025-03-25
CLE,LAC,0,1,4,8,6,10,118.78,115.56000000000002,0.5473999999999999,11.26,25.690000000000005,0.22529999999999997,8,10,122.71000000000001,110.67,0.5959000000000001,11.960000000000003,22.950000000000003,0.22290000000000001,2025-03-25
CLE,LAL,1,0,11,1,6,10,118.78,115.56000000000002,0.5473999999999999,11.26,25.690000000000005,0.22529999999999997,3,10,113.25999999999999,120.53000000000002,0.5441,12.629999999999999,22.549999999999997,0.18849999999999997,2025-03-25
CLE,MEM,1,0,4,8,6,10,118.78,115.56000000000002,0.5473999999999999,11.26,25.690000000000005,0.22529999999999997,6,10,118.96,114.71999999999998,0.545,10.47,28.01,0.1661,2025-03-25
CLE,MIA,1,0,7,5,6,10,118.78,115.56000000000002,0.5473999999999999,11.26,25.690000000000005,0.22529999999999997,2,10,109.27000000000001,114.83999999999999,0.5517,14.59,20.85,0.1474,2025-03-25
CLE,MIL,1,1,7,5,6,10,118.78,115.56000000000002,0.5473999999999999,11.26,25.690000000000005,0.22529999999999997,4,10,115.54,113.78,0.5513,11.22,19.54,0.2424,2025-03-25
CLE,MIN,0,1,4,8,6,10,118.78,115.56000000000002,0.5473999999999999,11.26,25.690000000000005,0.22529999999999997,7,10,122.42999999999999,111.5,0.5889,11.98,24.31,0.19480000000000003,2025-03-25
CLE,NOP,1,0,9,3,6,10,118.78,115.56000000000002,0.5473999999999999,11.26,25.690000000000005,0.22529999999999997,3,10,112.66,125.47,0.5549000000000001,15.459999999999999,28.669999999999998,0.16899999999999998,2025-03-25
CLE,NYK,1,0,7,5,6,10,118.78,115.56000000000002,0.5473999999999999,11.26,25.690000000000005,0.22529999999999997,5,10,112.85,109.51000000000002,0.5288999999999999,12.14,25.439999999999998,0.175,2025-03-25
CLE,OKC,0,1,3,9,6,10,118.78,115.56000000000002,0.5473999999999999,11.26,25.690000000000005,0.22529999999999997,9,10,123.32000000000001,108.75,0.5799999999999998,10.620000000000001,23.22,0.19370000000000004,2025-03-25
CLE,ORL,1,0,6,6,6,10,118.78,115.56000000000002,0.5473999999999999,11.26,25.690000000000005,0.22529999999999997,6,10,115.66,112.26999999999998,0.5254,10.6,23.8,0.22240000000000001,2025-03-25
CLE,PHI,1,0,11,1,6,10,118.78,115.56000000000002,0.5473999999999999,11.26,25.690000000000005,0.22529999999999997,2,10,113.79,123.79,0.5424,12.05,22.06,0.1963,2025-03-25
CLE,PHO,1,1,9,3,6,10,118.78,115.56000000000002,0.5473999999999999,11.26,25.690000000000005,0.22529999999999997,5,10,114.93999999999998,116.97,0.5551999999999999,13.41,25.080000000000002,0.18110000000000004,2025-03-25
CLE,PHX,1,1,6,6,6,10,118.78,115.56000000000002,0.5473999999999999,11.26,25.690000000000005,0.22529999999999997,6,10,123.97,117.97,0.595,12.819999999999999,26.04,0.1879,2025-03-25
CLE,POR,1,0,8,4,6,10,118.78,115.56000000000002,0.5473999999999999,11.26,25.690000000000005,0.22529999999999997,4,10,114.44000000000001,115.11999999999998,0.5202000000000001,13.569999999999999,34.3,0.17320000000000002,2025-03-25
CLE,SAC,1,0,11,1,6,10,118.78,115.56000000000002,0.5473999999999999,11.26,25.690000000000005,0.22529999999999997,2,10,114.12,125.47,0.5414000000000001,12.2,23.050000000000004,0.1915,2025-03-25
CLE,SAS,1,1,7,5,6,10,118.78,115.56000000000002,0.5473999999999999,11.26,25.690000000000005,0.22529999999999997,5,10,122.75,123.26000000000002,0.5769,11.790000000000001,28.610000000000003,0.1961,2025-03-25
CLE,TOR,1,0,8,4,6,10,118.78,115.56000000000002,0.5473999999999999,11.26,25.690000000000005,0.22529999999999997,5,10,109.04,112.33,0.4858999999999999,13.12,32.86999999999999,0.195,2025-03-25
CLE,UTA,1,0,11,1,6,10,118.78,115.56000000000002,0.5473999999999999,11.26,25.690000000000005,0.22529999999999997,1,10,106.27000000000001,120.0,0.5244,15.38,21.439999999999998,0.1784,2025-03-25
CLE,WAS,1,0,11,1,6,10,118.78,115.56000000000002,0.5473999999999999,11.26,25.690000000000005,0.22529999999999997,3,10,108.21999999999998,118.14000000000001,0.5089,13.0,25.279999999999998,0.1705,2025-03-25
DAL,DEN,0,1,7,5,3,10,117.63,123.57000000000001,0.5734000000000001,11.830000000000002,19.13,0.2226,4,10,117.44000000000001,123.18999999999998,0.5530999999999999,12.5,28.759999999999998,0.2002,2025-03-25
DAL,DET,0,1,3,9,3,10,117.63,123.57000000000001,0.5734000000000001,11.830000000000002,19.13,0.2226,6,10,119.83,110.75,0.5635,11.84,26.55,0.23879999999999998,2025-03-25
DAL,GSW,0,1,4,8,3,10,117.63,123.57000000000001,0.5734000000000001,11.830000000000002,19.13,0.2226,7,10,114.71999999999998,113.24000000000001,0.5498,14.5,25.22,0.2524,2025-03-25
DAL,HOU,0,1,2,10,3,10,117.63,123.57000000000001,0.5734000000000001,11.830000000000002,19.13,0.2226,9,10,121.83,110.75,0.5428,11.47,35.52,0.1971,2025-03-25
DAL,IND,0,1,5,7,3,10,117.63,123.57000000000001,0.5734000000000001,11.830000000000002,19.13,0.2226,6,10,114.58999999999999,113.67999999999999,0.5462,11.91,21.71,0.2036,2025-03-25
DAL,LAC,0,1,2,10,3,10,117.63,123.57000000000001,0.5734000000000001,11.830000000000002,19.13,0.2226,8,10,122.71000000000001,110.67,0.5959000000000001,11.960000000000003,22.950000000000003,0.22290000000000001,2025-03-25
DAL,LAL,1,1,8,4,3,10,117.63,123.57000000000001,0.5734000000000001,11.830000000000002,19.13,0.2226,3,10,113.25999999999999,120.53000000000002,0.5441,12.629999999999999,22.549999999999997,0.18849999999999997,2025-03-25
DAL,MEM,0,1,3,9,3,10,117.63,123.57000000000001,0.5734000000000001,11.830000000000002,19.13,0.2226,6,10,118.96,114.71999999999998,0.545,10.47,28.01,0.1661,2025-03-25
DAL,MIA,1,1,6,6,3,10,117.63,123.57000000000001,0.5734000000000001,11.830000000000002,19.13,0.2226,2,10,109.27000000000001,114.83999999999999,0.5517,14.59,20.85,0.1474,2025-03-25
DAL,MIL,0,1,3,9,3,10,117.63,123.57000000000001,0.5734000000000001,11.830000000000002,19.13,0.2226,4,10,115.54,113.78,0.5513,11.22,19.54,0.2424,2025-03-25
DAL,MIN,0,1,2,10,3,10,117.63,123.57000000000001,0.5734000000000001,11.830000000000002,19.13,0.2226,7,10,122.42999999999999,111.5,0.5889,11.98,24.31,0.19480000000000003,2025-03-25
DAL,NOP,1,1,9,3,3,10,117.63,123.57000000000001,0.5734000000000001,11.830000000000002,19.13,0.2226,3,10,112.66,125.47,0.5549000000000001,15.459999999999999,28.669999999999998,0.16899999999999998,2025-03-25
DAL,NYK,1,1,6,6,3,10,117.63,123.57000000000001,0.5734000000000001,11.830000000000002,19.13,0.2226,5,10,112.85,109.51000000000002,0.5288999999999999,12.14,25.439999999999998,0.175,2025-03-25
DAL,OKC,0,1,1,11,3,10,117.63,123.57000000000001,0.5734000000000001,11.830000000000002,19.13,0.2226,9,10,123.32000000000001,108.75,0.5799999999999998,10.620000000000001,23.22,0.19370000000000004,2025-03-25
DAL,ORL,1,1,5,7,3,10,117.63,123.57000000000001,0.5734000000000001,11.830000000000002,19.13,0.2226,6,10,115.66,112.26999999999998,0.5254,10.6,23.8,0.22240000000000001,2025-03-25
DAL,PHI,1,1,9,3,3,10,117.63,123.57000000000001,0.5734000000000001,11.830000000000002,19.13,0.2226,2,10,113.79,123.79,0.5424,12.05,22.06,0.1963,2025-03-25
DAL,PHO,0,1,6,6,3,10,117.63,123.57000000000001,0.5734000000000001,11.830000000000002,19.13,0.2226,5,10,114.93999999999998,116.97,0.5551999999999999,13.41,25.080000000000002,0.18110000000000004,2025-03-25
DAL,PHX,0,1,4,8,3,10,117.63,123.57000000000001,0.5734000000000001,11.830000000000002,19.13,0.2226,6,10,123.97,117.97,0.595,12.819999999999999,26.04,0.1879,2025-03-25
DAL,POR,0,1,6,6,3,10,117.63,123.57000000000001,0.5734000000000001,11.830000000000002,19.13,0.2226,4,10,114.44000000000001,115.11999999999998,0.5202000000000001,13.569999999999999,34.3,0.17320000000000002,2025-03-25
DAL,SAC,1,1,9,3,3,10,117.63,123.57000000000001,0.5734000000000001,11.830000000000002,19.13,0.2226,2,10,114.12,125.47,0.5414000000000001,12.2,23.050000000000004,0.1915,2025-03-25
DAL,SAS,0,1,3,9,3,10,117.63,123.57000000000001,0.5734000000000001,11.830000000000002,19.13,0.2226,5,10,122.75,123.26000000000002,0.5769,11.790000000000001,28.610000000000003,0.1961,2025-03-25
DAL,TOR,0,1,6,6,3,10,117.63,123.57000000000001,0.5734000000000001,11.830000000000002,19.13,0.2226,5,10,109.04,112.33,0.4858999999999999,13.12,32.86999999999999,0.195,2025-03-25
DAL,UTA,1,1,9,3,3,10,117.63,123.57000000000001,0.5734000000000001,11.830000000000002,19.13,0.2226,1,10,106.27000000000001,120.0,0.5244,15.38,21.439999999999998,0.1784,2025-03-25
DAL,WAS,1,1,8,4,3,10,117.63,123.57000000000001,0.5734000000000001,11.830000000000002,19.13,0.2226,3,10,108.21999999999998,118.14000000000001,0.5089,13.0,25.279999999999998,0.1705,2025-03-25
DEN,DET,0,1,2,10,4,10,117.44000000000001,123.18999999999998,0.5530999999999999,12.5,28.759999999999998,0.2002,6,10,119.83,110.75,0.5635,11.84,26.55,0.23879999999999998,2025-03-25
DEN,GSW,0,1,5,7,4,10,117.44000000000001,123.18999999999998,0.5530999999999999,12.5,28.759999999999998,0.2002,7,10,114.71999999999998,113.24000000000001,0.5498,14.5,25.22,0.2524,2025-03-25
DEN,HOU,0,1,2,10,4,10,117.44000000000001,123.18999999999998,0.5530999999999999,12.5,28.759999999999998,0.2002,9,10,121.83,110.75,0.5428,11.47,35.52,0.1971,2025-03-25
DEN,IND,0,1,3,9,4,10,117.44000000000001,123.18999999999998,0.5530999999999999,12.5,28.759999999999998,0.2002,6,10,114.58999999999999,113.67999999999999,0.5462,11.91,21.71,0.2036,2025-03-25
DEN,LAC,0,1,1,11,4,10,117.44000000000001,123.18999999999998,0.5530999999999999,12.5,28.759999999999998,0.2002,8,10,122.71000000000001,110.67,0.5959000000000001,11.960000000000003,22.950000000000003,0.22290000000000001,2025-03-25
DEN,LAL,1,1,9,3,4,10,117.44000000000001,123.18999999999998,0.5530999999999999,12.5,28.759999999999998,0.2002,3,10,113.25999999999999,120.53000000000002,0.5441,12.629999999999999,22.549999999999997,0.18849999999999997,2025-03-25
DEN,MEM,1,1,4,8,4,10,117.44000000000001,123.18999999999998,0.5530999999999999,12.5,28.759999999999998,0.2002,6,10,118.96,114.71999999999998,0.545,10.47,28.01,0.1661,2025-03-25
DEN,MIA,1,0,6,6,4,10,117.44000000000001,123.18999999999998,0.5530999999999999,12.5,28.759999999999998,0.2002,2,10,109.27000000000001,114.83999999999999,0.5517,14.59,20.85,0.1474,2025-03-25
DEN,MIL,1,1,3,9,4,10,117.44000000000001,123.18999999999998,0.5530999999999999,12.5,28.759999999999998,0.2002,4,10,115.54,113.78,0.5513,11.22,19.54,0.2424,2025-03-25
DEN,MIN,0,1,2,10,4,10,117.44000000000001,123.18999999999998,0.5530999999999999,12.5,28.759999999999998,0.2002,7,10,122.42999999999999,111.5,0.5889,11.98,24.31,0.19480000000000003,2025-03-25
DEN,NOP,1,0,10,2,4,10,117.44000000000001,123.18999999999998,0.5530999999999999,12.5,28.759999999999998,0.2002,3,10,112.66,125.47,0.5549000000000001,15.459999999999999,28.669999999999998,0.16899999999999998,2025-03-25
DEN,NYK,1,1,5,7,4,10,117.44000000000001,123.18999999999998,0.5530999999999999,12.5,28.759999999999998,0.2002,5,10,112.85,109.51000000000002,0.5288999999999999,12.14,25.439999999999998,0.175,2025-03-25
DEN,OKC,0,1,2,10,4,10,117.44000000000001,123.18999999999998,0.5530999999999999,12.5,28.759999999999998,0.2002,9,10,123.32000000000001,108.75,0.5799999999999998,10.620000000000001,23.22,0.19370000000000004,2025-03-25
DEN,ORL,1,1,4,8,4,10,117.44000000000001,123.18999999999998,0.5530999999999999,12.5,28.759999999999998,0.2002,6,10,115.66,112.26999999999998,0.5254,10.6,23.8,0.22240000000000001,2025-03-25
DEN,PHI,1,0,9,3,4,10,117.44000000000001,123.18999999999998,0.5530999999999999,12.5,28.759999999999998,0.2002,2,10,113.79,123.79,0.5424,12.05,22.06,0.1963,2025-03-25
DEN,PHO,0,1,5,7,4,10,117.44000000000001,123.18999999999998,0.5530999999999999,12.5,28.759999999999998,0.2002,5,10,114.93999999999998,116.97,0.5551999999999999,13.41,25.080000000000002,0.18110000000000004,2025-03-25
DEN,PHX,1,1,4,8,4,10,117.44000000000001,123.18999999999998,0.5530999999999999,12.5,28.759999999999998,0.2002,6,10,123.97,117.97,0.595,12.819999999999999,26.04,0.1879,2025-03-25
DEN,POR,1,1,4,8,4,10,117.44000000000001,123.18999999999998,0.5530999999999999,12.5,28.759999999999998,0.2002,4,10,114.44000000000001,115.11999999999998,0.5202000000000001,13.569999999999999,34.3,0.17320000000000002,2025-03-25
DEN,SAC,1,1,9,3,4,10,117.44000000000001,123.18999999999998,0.5530999999999999,12.5,28.759999999999998,0.2002,2,10,114.12,125.47,0.5414000000000001,12.2,23.050000000000004,0.1915,2025-03-25
DEN,SAS,1,1,4,8,4,10,117.44000000000001,123.18999999999998,0.5530999999999999,12.5,28.759999999999998,0.2002,5,10,122.75,123.26000000000002,0.5769,11.790000000000001,28.610000000000003,0.1961,2025-03-25
DEN,TOR,0,0,5,7,4,10,117.44000000000001,123.18999999999998,0.5530999999999999,12.5,28.759999999999998,0.2002,5,10,109.04,112.33,0.4858999999999999,13.12,32.86999999999999,0.195,2025-03-25
DEN,UTA,1,0,8,4,4,10,117.44000000000001,123.18999999999998,0.5530999999999999,12.5,28.759999999999998,0.2002,1,10,106.27000000000001,120.0,0.5244,15.38,21.439999999999998,0.1784,2025-03-25
DEN,WAS,1,0,9,3,4,10,117.44000000000001,123.18999999999998,0.5530999999999999,12.5,28.759999999999998,0.2002,3,10,108.21999999999998,118.14000000000001,0.5089,13.0,25.279999999999998,0.1705,2025-03-25
DET,GSW,0,1,7,5,6,10,119.83,110.75,0.5635,11.84,26.55,0.23879999999999998,7,10,114.71999999999998,113.24000000000001,0.5498,14.5,25.22,0.2524,2025-03-25
DET,HOU,0,1,4,8,6,10,119.83,110.75,0.5635,11.84,26.55,0.23879999999999998,9,10,121.83,110.75,0.5428,11.47,35.52,0.1971,2025-03-25
DET,IND,1,1,9,3,6,10,119.83,110.75,0.5635,11.84,26.55,0.23879999999999998,6,10,114.58999999999999,113.67999999999999,0.5462,11.91,21.71,0.2036,2025-03-25
DET,LAC,0,1,5,7,6,10,119.83,110.75,0.5635,11.84,26.55,0.23879999999999998,8,10,122.71000000000001,110.67,0.5959000000000001,11.960000000000003,22.950000000000003,0.22290000000000001,2025-03-25
DET,LAL,1,0,11,1,6,10,119.83,110.75,0.5635,11.84,26.55,0.23879999999999998,3,10,113.25999999999999,120.53000000000002,0.5441,12.629999999999999,22.549999999999997,0.18849999999999997,2025-03-25
DET,MEM,1,0,7,5,6,10,119.83,110.75,0.5635,11.84,26.55,0.23879999999999998,6,10,118.96,114.71999999999998,0.545,10.47,28.01,0.1661,2025-03-25
DET,MIA,1,0,11,1,6,10,119.83,110.75,0.5635,11.84,26.55,0.23879999999999998,2,10,109.27000000000001,114.83999999999999,0.5517,14.59,20.85,0.1474,2025-03-25
DET,MIL,1,1,8,4,6,10,119.83,110.75,0.5635,11.84,26.55,0.23879999999999998,4,10,115.54,113.78,0.5513,11.22,19.54,0.2424,2025-03-25
DET,MIN,0,1,6,6,6,10,119.83,110.75,0.5635,11.84,26.55,0.23879999999999998,7,10,122.42999999999999,111.5,0.5889,11.98,24.31,0.19480000000000003,2025-03-25
DET,NOP,1,0,10,2,6,10,119.83,110.75,0.5635,11.84,26.55,0.23879999999999998,3,10,112.66,125.47,0.5549000000000001,15.459999999999999,28.669999999999998,0.16899999999999998,2025-03-25
DET,NYK,1,1,9,3,6,10,119.83,110.75,0.5635,11.84,26.55,0.23879999999999998,5,10,112.85,109.51000000000002,0.5288999999999999,12.14,25.439999999999998,0.175,2025-03-25
DET,OKC,0,1,4,8,6,10,119.83,110.75,0.5635,11.84,26.55,0.23879999999999998,9,10,123.32000000000001,108.75,0.5799999999999998,10.620000000000001,23.22,0.19370000000000004,2025-03-25
DET,ORL,1,1,9,3,6,10,119.83,110.75,0.5635,11.84,26.55,0.23879999999999998,6,10,115.66,112.26999999999998,0.5254,10.6,23.8,0.22240000000000001,2025-03-25
DET,PHI,1,0,11,1,6,10,119.83,110.75,0.5635,11.84,26.55,0.23879999999999998,2,10,113.79,123.79,0.5424,12.05,22.06,0.1963,2025-03-25
DET,PHO,1,1,11,1,6,10,119.83,110.75,0.5635,11.84,26.55,0.23879999999999998,5,10,114.93999999999998,116.97,0.5551999999999999,13.41,25.080000000000002,0.18110000000000004,2025-03-25
DET,PHX,1,1,7,5,6,10,119.83,110.75,0.5635,11.84,26.55,0.23879999999999998,6,10,123.97,117.97,0.595,12.819999999999999,26.04,0.1879,2025-03-25
DET,POR,1,0,10,2,6,10,119.83,110.75,0.5635,11.84,26.55,0.23879999999999998,4,10,114.44000000000001,115.11999999999998,0.5202000000000001,13.569999999999999,34.3,0.17320000000000002,2025-03-25
DET,SAC,1,1,10,2,6,10,119.83,110.75,0.5635,11.84,26.55,0.23879999999999998,2,10,114.12,125.47,0.5414000000000001,12.2,23.050000000000004,0.1915,2025-03-25
DET,SAS,1,1,5,7,6,10,119.83,110.75,0.5635,11.84,26.55,0.23879999999999998,5,10,122.75,123.26000000000002,0.5769,11.790000000000001,28.610000000000003,0.1961,2025-03-25
DET,TOR,1,0,9,3,6,10,119.83,110.75,0.5635,11.84,26.55,0.23879999999999998,5,10,109.04,112.33,0.4858999999999999,13.12,32.86999999999999,0.195,2025-03-25
DET,UTA,1,0,11,1,6,10,119.83,110.75,0.5635,11.84,26.55,0.23879999999999998,1,10,106.27000000000001,120.0,0.5244,15.38,21.439999999999998,0.1784,2025-03-25
DET,WAS,1,0,11,1,6,10,119.83,110.75,0.5635,11.84,26.55,0.23879999999999998,3,10,108.21999999999998,118.14000000000001,0.5089,13.0,25.279999999999998,0.1705,2025-03-25
GSW,HOU,0,0,3,9,7,10,114.71999999999998,113.24000000000001,0.5498,14.5,25.22,0.2524,9,10,121.83,110.75,0.5428,11.47,35.52,0.1971,2025-03-25
GSW,IND,1,0,9,3,7,10,114.71999999999998,113.24000000000001,0.5498,14.5,25.22,0.2524,6,10,114.58999999999999,113.67999999999999,0.5462,11.91,21.71,0.2036,2025-03-25
GSW,LAC,0,0,3,9,7,10,114.71999999999998,113.24000000000001,0.5498,14.5,25.22,0.2524,8,10,122.71000000000001,110.67,0.5959000000000001,11.960000000000003,22.950000000000003,0.22290000000000001,2025-03-25
GSW,LAL,1,0,10,2,7,10,114.71999999999998,113.24000000000001,0.5498,14.5,25.22,0.2524,3,10,113.25999999999999,120.53000000000002,0.5441,12.629999999999999,22.549999999999997,0.18849999999999997,2025-03-25
GSW,MEM,1,0,6,6,7,10,114.71999999999998,113.24000000000001,0.5498,14.5,25.22,0.2524,6,10,118.96,114.71999999999998,0.545,10.47,28.01,0.1661,2025-03-25
GSW,MIA,1,0,9,3,7,10,114.71999999999998,113.24000000000001,0.5498,14.5,25.22,0.2524,2,10,109.27000000000001,114.83999999999999,0.5517,14.59,20.85,0.1474,2025-03-25
GSW,MIL,1,0,5,7,7,10,114.71999999999998,113.24000000000001,0.5498,14.5,25.22,0.2524,4,10,115.54,113.78,0.5513,11.22,19.54,0.2424,2025-03-25
GSW,MIN,0,0,3,9,7,10,114.71999999999998,113.24000000000001,0.5498,14.5,25.22,0.2524,7,10,122.42999999999999,111.5,0.5889,11.98,24.31,0.19480000000000003,2025-03-25
GSW,NOP,1,0,10,2,7,10,114.71999999999998,113.24000000000001,0.5498,14.5,25.22,0.2524,3,10,112.66,125.47,0.5549000000000001,15.459999999999999,28.669999999999998,0.16899999999999998,2025-03-25
GSW,NYK,1,0,7,5,7,10,114.71999999999998,113.24000000000001,0.5498,14.5,25.22,0.2524,5,10,112.85,109.51000000000002,0.5288999999999999,12.14,25.439999999999998,0.175,2025-03-25
GSW,OKC,0,0,3,9,7,10,114.71999999999998,113.24000000000001,0.5498,14.5,25.22,0.2524,9,10,123.32000000000001,108.75,0.5799999999999998,10.620000000000001,23.22,0.19370000000000004,2025-03-25
GSW,ORL,1,0,7,5,7,10,114.71999999999998,113.24000000000001,0.5498,14.5,25.22,0.2524,6,10,115.66,112.26999999999998,0.5254,10.6,23.8,0.22240000000000001,2025-03-25
GSW,PHI,1,0,11,1,7,10,114.71999999999998,113.24000000000001,0.5498,14.5,25.22,0.2524,2,10,113.79,123.79,0.5424,12.05,22.06,0.1963,2025-03-25
GSW,PHO,1,0,7,5,7,10,114.71999999999998,113.24000000000001,0.5498,14.5,25.22,0.2524,5,10,114.93999999999998,116.97,0.5551999999999999,13.41,25.080000000000002,0.18110000000000004,2025-03-25
GSW,PHX,1,0,5,7,7,10,114.71999999999998,113.24000000000001,0.5498,14.5,25.22,0.2524,6,10,123.97,117.97,0.595,12.819999999999999,26.04,0.1879,2025-03-25
GSW,POR,1,0,9,3,7,10,114.71999999999998,113.24000000000001,0.5498,14.5,25.22,0.2524,4,10,114.44000000000001,115.11999999999998,0.5202000000000001,13.569999999999999,34.3,0.17320000000000002,2025-03-25
GSW,SAC,1,0,10,2,7,10,114.71999999999998,113.24000000000001,0.5498,14.5,25.22,0.2524,2,10,114.12,125.47,0.5414000000000001,12.2,23.050000000000004,0.1915,2025-03-25
GSW,SAS,1,0,8,4,7,10,114.71999999999998,113.24000000000001,0.5498,14.5,25.22,0.2524,5,10,122.75,123.26000000000002,0.5769,11.790000000000001,28.610000000000003,0.1961,2025-03-25
GSW,TOR,0,0,8,4,7,10,114.71999999999998,113.24000000000001,0.5498,14.5,25.22,0.2524,5,10,109.04,112.33,0.4858999999999999,13.12,32.86999999999999,0.195,2025-03-25
GSW,UTA,1,0,11,1,7,10,114.71999999999998,113.24000000000001,0.5498,14.5,25.22,0.2524,1,10,106.27000000000001,120.0,0.5244,15.38,21.439999999999998,0.1784,2025-03-25
GSW,WAS,1,0,9,3,7,10,114.71999999999998,113.24000000000001,0.5498,14.5,25.22,0.2524,3,10,108.21999999999998,118.14000000000001,0.5089,13.0,25.279999999999998,0.1705,2025-03-25
HOU,IND,1,0,9,3,9,10,121.83,110.75,0.5428,11.47,35.52,0.1971,6,10,114.58999999999999,113.67999999999999,0.5462,11.91,21.71,0.2036,2025-03-25
HOU,LAC,0,0,5,7,9,10,121.83,110.75,0.5428,11.47,35.52,0.1971,8,10,122.71000000000001,110.67,0.5959000000000001,11.960000000000003,22.950000000000003,0.22290000000000001,2025-03-25
HOU,LAL,1,0,11,1,9,10,121.83,110.75,0.5428,11.47,35.52,0.1971,3,10,113.25999999999999,120.53000000000002,0.5441,12.629999999999999,22.549999999999997,0.18849999999999997,2025-03-25
HOU,MEM,1,0,9,3,9,10,121.83,110.75,0.5428,11.47,35.52,0.1971,6,10,118.96,114.71999999999998,0.545,10.47,28.01,0.1661,2025-03-25
HOU,MIA,1,0,9,3,9,10,121.83,110.75,0.5428,11.47,35.52,0.1971,2,10,109.27000000000001,114.83999999999999,0.5517,14.59,20.85,0.1474,2025-03-25
HOU,MIL,1,0,8,4,9,10,121.83,110.75,0.5428,11.47,35.52,0.1971,4,10,115.54,113.78,0.5513,11.22,19.54,0.2424,2025-03-25
HOU,MIN,0,0,9,3,9,10,121.83,110.75,0.5428,11.47,35.52,0.1971,7,10,122.42999999999999,111.5,0.5889,11.98,24.31,0.19480000000000003,2025-03-25
HOU,NOP,1,0,11,1,9,10,121.83,110.75,0.5428,11.47,35.52,0.1971,3,10,112.66,125.47,0.5549000000000001,15.459999999999999,28.669999999999998,0.16899999999999998,2025-03-25
HOU,NYK,1,0,9,3,9,10,121.83,110.75,0.5428,11.47,35.52,0.1971,5,10,112.85,109.51000000000002,0.5288999999999999,12.14,25.439999999999998,0.175,2025-03-25
HOU,OKC,0,0,3,9,9,10,121.83,110.75,0.5428,11.47,35.52,0.1971,9,10,123.32000000000001,108.75,0.5799999999999998,10.620000000000001,23.22,0.19370000000000004,2025-03-25
HOU,ORL,1,0,9,3,9,10,121.83,110.75,0.5428,11.47,35.52,0.1971,6,10,115.66,112.26999999999998,0.5254,10.6,23.8,0.22240000000000001,2025-03-25
HOU,PHI,1,0,11,1,9,10,121.83,110.75,0.5428,11.47,35.52,0.1971,2,10,113.79,123.79,0.5424,12.05,22.06,0.1963,2025-03-25
HOU,PHO,1,0,11,1,9,10,121.83,110.75,0.5428,11.47,35.52,0.1971,5,10,114.93999999999998,116.97,0.5551999999999999,13.41,25.080000000000002,0.18110000000000004,2025-03-25
HOU,PHX,1,0,10,2,9,10,121.83,110.75,0.5428,11.47,35.52,0.1971,6,10,123.97,117.97,0.595,12.819999999999999,26.04,0.1879,2025-03-25
HOU,POR,1,0,11,1,9,10,121.83,110.75,0.5428,11.47,35.52,0.1971,4,10,114.44000000000001,115.11999999999998,0.5202000000000001,13.569999999999999,34.3,0.17320000000000002,2025-03-25
HOU,SAC,1,0,11,1,9,10,121.83,110.75,0.5428,11.47,35.52,0.1971,2,10,114.12,125.47,0.5414000000000001,12.2,23.050000000000004,0.1915,2025-03-25
HOU,SAS,1,0,9,3,9,10,121.83,110.75,0.5428,11.47,35.52,0.1971,5,10,122.75,123.26000000000002,0.5769,11.790000000000001,28.610000000000003,0.1961,2025-03-25
HOU,TOR,1,0,10,2,9,10,121.83,110.75,0.5428,11.47,35.52,0.1971,5,10,109.04,112.33,0.4858999999999999,13.12,32.86999999999999,0.195,2025-03-25
HOU,UTA,1,0,12,0,9,10,121.83,110.75,0.5428,11.47,35.52,0.1971,1,10,106.27000000000001,120.0,0.5244,15.38,21.439999999999998,0.1784,2025-03-25
HOU,WAS,1,0,12,0,9,10,121.83,110.75,0.5428,11.47,35.52,0.1971,3,10,108.21999999999998,118.14000000000001,0.5089,13.0,25.279999999999998,0.1705,2025-03-25
IND,LAC,0,1,2,10,6,10,114.58999999999999,113.67999999999999,0.5462,11.91,21.71,0.2036,8,10,122.71000000000001,110.67,0.5959000000000001,11.960000000000003,22.950000000000003,0.22290000000000001,2025-03-25
IND,LAL,1,0,11,1,6,10,114.58999999999999,113.67999999999999,0.5462,11.91,21.71,0.2036,3,10,113.25999999999999,120.53000000000002,0.5441,12.629999999999999,22.549999999999997,0.18849999999999997,2025-03-25
IND,MEM,1,0,4,8,6,10,114.58999999999999,113.67999999999999,0.5462,11.91,21.71,0.2036,6,10,118.96,114.71999999999998,0.545,10.47,28.01,0.1661,2025-03-25
IND,MIA,1,0,9,3,6,10,114.58999999999999,113.67999999999999,0.5462,11.91,21.71,0.2036,2,10,109.27000000000001,114.83999999999999,0.5517,14.59,20.85,0.1474,2025-03-25
IND,MIL,1,1,4,8,6,10,114.58999999999999,113.67999999999999,0.5462,11.91,21.71,0.2036,4,10,115.54,113.78,0.5513,11.22,19.54,0.2424,2025-03-25
IND,MIN,0,1,3,9,6,10,114.58999999999999,113.67999999999999,0.5462,11.91,21.71,0.2036,7,10,122.42999999999999,111.5,0.5889,11.98,24.31,0.19480000000000003,2025-03-25
IND,NOP,1,0,10,2,6,10,114.58999999999999,113.67999999999999,0.5462,11.91,21.71,0.2036,3,10,112.66,125.47,0.5549000000000001,15.459999999999999,28.669999999999998,0.16899999999999998,2025-03-25
IND,NYK,1,0,7,5,6,10,114.58999999999999,113.67999999999999,0.5462,11.91,21.71,0.2036,5,10,112.85,109.51000000000002,0.5288999999999999,12.14,25.439999999999998,0.175,2025-03-25
IND,OKC,0,1,2,10,6,10,114.58999999999999,113.67999999999999,0.5462,11.91,21.71,0.2036,9,10,123.32000000000001,108.75,0.5799999999999998,10.620000000000001,23.22,0.19370000000000004,2025-03-25
IND,ORL,1,1,3,9,6,10,114.58999999999999,113.67999999999999,0.5462,11.91,21.71,0.2036,6,10,115.66,112.26999999999998,0.5254,10.6,23.8,0.22240000000000001,2025-03-25
IND,PHI,1,0,9,3,6,10,114.58999999999999,113.67999999999999,0.5462,11.91,21.71,0.2036,2,10,113.79,123.79,0.5424,12.05,22.06,0.1963,2025-03-25
IND,PHO,0,1,7,5,6,10,114.58999999999999,113.67999999999999,0.5462,11.91,21.71,0.2036,5,10,114.93999999999998,116.97,0.5551999999999999,13.41,25.080000000000002,0.18110000000000004,2025-03-25
IND,PHX,1,1,6,6,6,10,114.58999999999999,113.67999999999999,0.5462,11.91,21.71,0.2036,6,10,123.97,117.97,0.595,12.819999999999999,26.04,0.1879,2025-03-25
IND,POR,1,0,10,2,6,10,114.58999999999999,113.67999999999999,0.5462,11.91,21.71,0.2036,4,10,114.44000000000001,115.11999999999998,0.5202000000000001,13.569999999999999,34.3,0.17320000000000002,2025-03-25
IND,SAC,1,0,10,2,6,10,114.58999999999999,113.67999999999999,0.5462,11.91,21.71,0.2036,2,10,114.12,125.47,0.5414000000000001,12.2,23.050000000000004,0.1915,2025-03-25
IND,SAS,1,1,6,6,6,10,114.58999999999999,113.67999999999999,0.5462,11.91,21.71,0.2036,5,10,122.75,123.26000000000002,0.5769,11.790000000000001,28.610000000000003,0.1961,2025-03-25
IND,TOR,0,0,9,3,6,10,114.58999999999999,113.67999999999999,0.5462,11.91,21.71,0.2036,5,10,109.04,112.33,0.4858999999999999,13.12,32.86999999999999,0.195,2025-03-25
IND,UTA,1,0,10,2,6,10,114.58999999999999,113.67999999999999,0.5462,11.91,21.71,0.2036,1,10,106.27000000000001,120.0,0.5244,15.38,21.439999999999998,0.1784,2025-03-25
IND,WAS,1,0,10,2,6,10,114.58999999999999,113.67999999999999,0.5462,11.91,21.71,0.2036,3,10,108.21999999999998,118.14000000000001,0.5089,13.0,25.279999999999998,0.1705,2025-03-25
LAC,LAL,1,0,12,0,8,10,122.71000000000001,110.67,0.5959000000000001,11.960000000000003,22.950000000000003,0.22290000000000001,3,10,113.25999999999999,120.53000000000002,0.5441,12.629999999999999,22.549999999999997,0.18849999999999997,2025-03-25
LAC,MEM,1,0,9,3,8,10,122.71000000000001,110.67,0.5959000000000001,11.960000000000003,22.950000000000003,0.22290000000000001,6,10,118.96,114.71999999999998,0.545,10.47,28.01,0.1661,2025-03-25
LAC,MIA,1,0,11,1,8,10,122.71000000000001,110.67,0.5959000000000001,11.960000000000003,22.950000000000003,0.22290000000000001,2,10,109.27000000000001,114.83999999999999,0.5517,14.59,20.85,0.1474,2025-03-25
LAC,MIL,1,0,8,4,8,10,122.71000000000001,110.67,0.5959000000000001,11.960000000000003,22.950000000000003,0.22290000000000001,4,10,115.54,113.78,0.5513,11.22,19.54,0.2424,2025-03-25
LAC,MIN,0,0,10,2,8,10,122.71000000000001,110.67,0.5959000000000001,11.960000000000003,22.950000000000003,0.22290000000000001,7,10,122.42999999999999,111.5,0.5889,11.98,24.31,0.19480000000000003,2025-03-25
LAC,NOP,1,0,11,1,8,10,122.71000000000001,110.67,0.5959000000000001,11.960000000000003,22.950000000000003,0.22290000000000001,3,10,112.66,125.47,0.5549000000000001,15.459999999999999,28.669999999999998,0.16899999999999998,2025-03-25
LAC,NYK,1,0,9,3,8,10,122.71000000000001,110.67,0.5959000000000001,11.960000000000003,22.950000000000003,0.22290000000000001,5,10,112.85,109.51000000000002,0.5288999999999999,12.14,25.439999999999998,0.175,2025-03-25
LAC,OKC,0,0,4,8,8,10,122.71000000000001,110.67,0.5959000000000001,11.960000000000003,22.950000000000003,0.22290000000000001,9,10,123.32000000000001,108.75,0.5799999999999998,10.620000000000001,23.22,0.19370000000000004,2025-03-25
LAC,ORL,1,0,9,3,8,10,122.71000000000001,110.67,0.5959000000000001,11.960000000000003,22.950000000000003,0.22290000000000001,6,10,115.66,112.26999999999998,0.5254,10.6,23.8,0.22240000000000001,2025-03-25
LAC,PHI,1,0,11,1,8,10,122.71000000000001,110.67,0.5959000000000001,11.960000000000003,22.950000000000003,0.22290000000000001,2,10,113.79,123.79,0.5424,12.05,22.06,0.1963,2025-03-25
LAC,PHO,1,0,10,2,8,10,122.71000000000001,110.67,0.5959000000000001,11.960000000000003,22.950000000000003,0.22290000000000001,5,10,114.93999999999998,116.97,0.5551999999999999,13.41,25.080000000000002,0.18110000000000004,2025-03-25
LAC,PHX,1,0,9,3,8,10,122.71000000000001,110.67,0.5959000000000001,11.960000000000003,22.950000000000003,0.22290000000000001,6,10,123.97,117.97,0.595,12.819999999999999,26.04,0.1879,2025-03-25
LAC,POR,1,0,10,2,8,10,122.71000000000001,110.67,0.5959000000000001,11.960000000000003,22.950000000000003,0.22290000000000001,4,10,114.44000000000001,115.11999999999998,0.5202000000000001,13.569999999999999,34.3,0.17320000000000002,2025-03-25
LAC,SAC,1,0,9,3,8,10,122.71000000000001,110.67,0.5959000000000001,11.960000000000003,22.950000000000003,0.22290000000000001,2,10,114.12,125.47,0.5414000000000001,12.2,23.050000000000004,0.1915,2025-03-25
LAC,SAS,1,0,8,4,8,10,122.71000000000001,110.67,0.5959000000000001,11.960000000000003,22.950000000000003,0.22290000000000001,5,10,122.75,123.26000000000002,0.5769,11.790000000000001,28.610000000000003,0.1961,2025-03-25
LAC,TOR,1,0,9,3,8,10,122.71000000000001,110.67,0.5959000000000001,11.960000000000003,22.950000000000003,0.22290000000000001,5,10,109.04,112.33,0.4858999999999999,13.12,32.86999999999999,0.195,2025-03-25
LAC,UTA,1,0,12,0,8,10,122.71000000000001,110.67,0.5959000000000001,11.960000000000003,22.950000000000003,0.22290000000000001,1,10,106.27000000000001,120.0,0.5244,15.38,21.439999999999998,0.1784,2025-03-25
LAC,WAS,1,0,11,1,8,10,122.71000000000001,110.67,0.5959000000000001,11.960000000000003,22.950000000000003,0.22290000000000001,3,10,108.21999999999998,118.14000000000001,0.5089,13.0,25.279999999999998,0.1705,2025-03-25
LAL,MEM,1,1,1,11,3,10,113.25999999999999,120.53000000000002,0.5441,12.629999999999999,22.549999999999997,0.18849999999999997,6,10,118.96,114.71999999999998,0.545,10.47,28.01,0.1661,2025-03-25
LAL,MIA,1,1,6,6,3,10,113.25999999999999,120.53000000000002,0.5441,12.629999999999999,22.549999999999997,0.18849999999999997,2,10,109.27000000000001,114.83999999999999,0.5517,14.59,20.85,0.1474,2025-03-25
LAL,MIL,1,1,1,11,3,10,113.25999999999999,120.53000000000002,0.5441,12.629999999999999,22.549999999999997,0.18849999999999997,4,10,115.54,113.78,0.5513,11.22,19.54,0.2424,2025-03-25
LAL,MIN,0,1,0,12,3,10,113.25999999999999,120.53000000000002,0.5441,12.629999999999999,22.549999999999997,0.18849999999999997,7,10,122.42999999999999,111.5,0.5889,11.98,24.31,0.19480000000000003,2025-03-25
LAL,NOP,1,0,8,4,3,10,113.25999999999999,120.53000000000002,0.5441,12.629999999999999,22.549999999999997,0.18849999999999997,3,10,112.66,125.47,0.5549000000000001,15.459999999999999,28.669999999999998,0.16899999999999998,2025-03-25
LAL,NYK,1,1,4,8,3,10,113.25999999999999,120.53000000000002,0.5441,12.629999999999999,22.549999999999997,0.18849999999999997,5,10,112.85,109.51000000000002,0.5288999999999999,12.14,25.439999999999998,0.175,2025-03-25
LAL,OKC,0,1,0,12,3,10,113.25999999999999,120.53000000000002,0.5441,12.629999999999999,22.549999999999997,0.18849999999999997,9,10,123.32000000000001,108.75,0.5799999999999998,10.620000000000001,23.22,0.19370000000000004,2025-03-25
LAL,ORL,1,1,2,10,3,10,113.25999999999999,120.53000000000002,0.5441,12.629999999999999,22.549999999999997,0.18849999999999997,6,10,115.66,112.26999999999998,0.5254,10.6,23.8,0.22240000000000001,2025-03-25
LAL,PHI,1,1,7,5,3,10,113.25999999999999,120.53000000000002,0.5441,12.629999999999999,22.549999999999997,0.18849999999999997,2,10,113.79,123.79,0.5424,12.05,22.06,0.1963,2025-03-25
LAL,PHO,0,1,3,9,3,10,113.25999999999999,120.53000000000002,0.5441,12.629999999999999,22.549999999999997,0.18849999999999997,5,10,114.93999999999998,116.97,0.5551999999999999,13.41,25.080000000000002,0.18110000000000004,2025-03-25
LAL,PHX,1,1,3,9,3,10,113.25999999999999,120.53000000000002,0.5441,12.629999999999999,22.549999999999997,0.18849999999999997,6,10,123.97,117.97,0.595,12.819999999999999,26.04,0.1879,2025-03-25
LAL,POR,1,1,4,8,3,10,113.25999999999999,120.53000000000002,0.5441,12.629999999999999,22.549999999999997,0.18849999999999997,4,10,114.44000000000001,115.11999999999998,0.5202000000000001,13.569999999999999,34.3,0.17320000000000002,2025-03-25
LAL,SAC,1,1,5,7,3,10,113.25999999999999,120.53000000000002,0.5441,12.629999999999999,22.549999999999997,0.18849999999999997,2,10,114.12,125.47,0.5414000000000001,12.2,23.050000000000004,0.1915,2025-03-25
LAL,SAS,1,1,2,10,3,10,113.25999999999999,120.53000000000002,0.5441,12.629999999999999,22.549999999999997,0.18849999999999997,5,10,122.75,123.26000000000002,0.5769,11.790000000000001,28.610000000000003,0.1961,2025-03-25
LAL,TOR,0,1,4,8,3,10,113.25999999999999,120.53000000000002,0.5441,12.629999999999999,22.549999999999997,0.18849999999999997,5,10,109.04,112.33,0.4858999999999999,13.12,32.86999999999999,0.195,2025-03-25
LAL,UTA,1,1,9,3,3,10,113.25999999999999,120.53000000000002,0.5441,12.629999999999999,22.549999999999997,0.18849999999999997,1,10,106.27000000000001,120.0,0.5244,15.38,21.439999999999998,0.1784,2025-03-25
LAL,WAS,1,1,6,6,3,10,113.25999999999999,120.53000000000002,0.5441,12.629999999999999,22.549999999999997,0.18849999999999997,3,10,108.21999999999998,118.14000000000001,0.5089,13.0,25.279999999999998,0.1705,2025-03-25
MEM,MIA,1,0,10,2,6,10,118.96,114.71999999999998,0.545,10.47,28.01,0.1661,2,10,109.27000000000001,114.83999999999999,0.5517,14.59,20.85,0.1474,2025-03-25
MEM,MIL,1,1,6,6,6,10,118.96,114.71999999999998,0.545,10.47,28.01,0.1661,4,10,115.54,113.78,0.5513,11.22,19.54,0.2424,2025-03-25
MEM,MIN,0,1,4,8,6,10,118.96,114.71999999999998,0.545,10.47,28.01,0.1661,7,10,122.42999999999999,111.5,0.5889,11.98,24.31,0.19480000000000003,2025-03-25
MEM,NOP,1,0,9,3,6,10,118.96,114.71999999999998,0.545,10.47,28.01,0.1661,3,10,112.66,125.47,0.5549000000000001,15.459999999999999,28.669999999999998,0.16899999999999998,2025-03-25
MEM,NYK,1,1,7,5,6,10,118.96,114.71999999999998,0.545,10.47,28.01,0.1661,5,10,112.85,109.51000000000002,0.5288999999999999,12.14,25.439999999999998,0.175,2025-03-25
MEM,OKC,0,1,3,9,6,10,118.96,114.71999999999998,0.545,10.47,28.01,0.1661,9,10,123.32000000000001,108.75,0.5799999999999998,10.620000000000001,23.22,0.19370000000000004,2025-03-25
MEM,ORL,1,1,7,5,6,10,118.96,114.71999999999998,0.545,10.47,28.01,0.1661,6,10,115.66,112.26999999999998,0.5254,10.6,23.8,0.22240000000000001,2025-03-25
MEM,PHI,1,0,10,2,6,10,118.96,114.71999999999998,0.545,10.47,28.01,0.1661,2,10,113.79,123.79,0.5424,12.05,22.06,0.1963,2025-03-25
MEM,PHO,0,1,8,4,6,10,118.96,114.71999999999998,0.545,10.47,28.01,0.1661,5,10,114.93999999999998,116.97,0.5551999999999999,13.41,25.080000000000002,0.18110000000000004,2025-03-25
MEM,PHX,1,1,5,7,6,10,118.96,114.71999999999998,0.545,10.47,28.01,0.1661,6,10,123.97,117.97,0.595,12.819999999999999,26.04,0.1879,2025-03-25
MEM,POR,1,1,9,3,6,10,118.96,114.71999999999998,0.545,10.47,28.01,0.1661,4,10,114.44000000000001,115.11999999999998,0.5202000000000001,13.569999999999999,34.3,0.17320000000000002,2025-03-25
MEM,SAC,1,1,9,3,6,10,118.96,114.71999999999998,0.545,10.47,28.01,0.1661,2,10,114.12,125.47,0.5414000000000001,12.2,23.050000000000004,0.1915,2025-03-25
MEM,SAS,1,1,6,6,6,10,118.96,114.71999999999998,0.545,10.47,28.01,0.1661,5,10,122.75,123.26000000000002,0.5769,11.790000000000001,28.610000000000003,0.1961,2025-03-25
MEM,TOR,0,0,7,5,6,10,118.96,114.71999999999998,0.545,10.47,28.01,0.1661,5,10,109.04,112.33,0.4858999999999999,13.12,32.86999999999999,0.195,2025-03-25
MEM,UTA,1,0,9,3,6,10,118.96,114.71999999999998,0.545,10.47,28.01,0.1661,1,10,106.27000000000001,120.0,0.5244,15.38,21.439999999999998,0.1784,2025-03-25
MEM,WAS,1,0,9,3,6,10,118.96,114.71999999999998,0.545,10.47,28.01,0.1661,3,10,108.21999999999998,118.14000000000001,0.5089,13.0,25.279999999999998,0.1705,2025-03-25
MIA,MIL,0,1,4,8,2,10,109.27000000000001,114.83999999999999,0.5517,14.59,20.85,0.1474,4,10,115.54,113.78,0.5513,11.22,19.54,0.2424,2025-03-25
MIA,MIN,0,1,1,11,2,10,109.27000000000001,114.83999999999999,0.5517,14.59,20.85,0.1474,7,10,122.42999999999999,111.5,0.5889,11.98,24.31,0.19480000000000003,2025-03-25
MIA,NOP,1,1,6,6,2,10,109.27000000000001,114.83999999999999,0.5517,14.59,20.85,0.1474,3,10,112.66,125.47,0.5549000000000001,15.459999999999999,28.669999999999998,0.16899999999999998,2025-03-25
MIA,NYK,1,1,2,10,2,10,109.27000000000001,114.83999999999999,0.5517,14.59,20.85,0.1474,5,10,112.85,109.51000000000002,0.5288999999999999,12.14,25.439999999999998,0.175,2025-03-25
MIA,OKC,0,1,2,10,2,10,109.27000000000001,114.83999999999999,0.5517,14.59,20.85,0.1474,9,10,123.32000000000001,108.75,0.5799999999999998,10.620000000000001,23.22,0.19370000000000004,2025-03-25
MIA,ORL,1,1,2,10,2,10,109.27000000000001,114.83999999999999,0.5517,14.59,20.85,0.1474,6,10,115.66,112.26999999999998,0.5254,10.6,23.8,0.22240000000000001,2025-03-25
MIA,PHI,1,1,6,6,2,10,109.27000000000001,114.83999999999999,0.5517,14.59,20.85,0.1474,2,10,113.79,123.79,0.5424,12.05,22.06,0.1963,2025-03-25
MIA,PHO,0,1,3,9,2,10,109.27000000000001,114.83999999999999,0.5517,14.59,20.85,0.1474,5,10,114.93999999999998,116.97,0.5551999999999999,13.41,25.080000000000002,0.18110000000000004,2025-03-25
MIA,PHX,0,1,4,8,2,10,109.27000000000001,114.83999999999999,0.5517,14.59,20.85,0.1474,6,10,123.97,117.97,0.595,12.819999999999999,26.04,0.1879,2025-03-25
MIA,POR,0,1,4,8,2,10,109.27000000000001,114.83999999999999,0.5517,14.59,20.85,0.1474,4,10,114.44000000000001,115.11999999999998,0.5202000000000001,13.569999999999999,34.3,0.17320000000000002,2025-03-25
MIA,SAC,1,1,6,6,2,10,109.27000000000001,114.83999999999999,0.5517,14.59,20.85,0.1474,2,10,114.12,125.47,0.5414000000000001,12.2,23.050000000000004,0.1915,2025-03-25
MIA,SAS,0,1,3,9,2,10,109.27000000000001,114.83999999999999,0.5517,14.59,20.85,0.1474,5,10,122.75,123.26000000000002,0.5769,11.790000000000001,28.610000000000003,0.1961,2025-03-25
MIA,TOR,0,1,5,7,2,10,109.27000000000001,114.83999999999999,0.5517,14.59,20.85,0.1474,5,10,109.04,112.33,0.4858999999999999,13.12,32.86999999999999,0.195,2025-03-25
MIA,UTA,1,1,8,4,2,10,109.27000000000001,114.83999999999999,0.5517,14.59,20.85,0.1474,1,10,106.27000000000001,120.0,0.5244,15.38,21.439999999999998,0.1784,2025-03-25
MIA,WAS,1,1,7,5,2,10,109.27000000000001,114.83999999999999,0.5517,14.59,20.85,0.1474,3,10,108.21999999999998,118.14000000000001,0.5089,13.0,25.279999999999998,0.1705,2025-03-25
MIL,MIN,0,1,3,9,4,10,115.54,113.78,0.5513,11.22,19.54,0.2424,7,10,122.42999999999999,111.5,0.5889,11.98,24.31,0.19480000000000003,2025-03-25
MIL,NOP,1,0,10,2,4,10,115.54,113.78,0.5513,11.22,19.54,0.2424,3,10,112.66,125.47,0.5549000000000001,15.459999999999999,28.669999999999998,0.16899999999999998,2025-03-25
MIL,NYK,1,1,6,6,4,10,115.54,113.78,0.5513,11.22,19.54,0.2424,5,10,112.85,109.51000000000002,0.5288999999999999,12.14,25.439999999999998,0.175,2025-03-25
MIL,OKC,0,1,2,10,4,10,115.54,113.78,0.5513,11.22,19.54,0.2424,9,10,123.32000000000001,108.75,0.5799999999999998,10.620000000000001,23.22,0.19370000000000004,2025-03-25
MIL,ORL,1,1,4,8,4,10,115.54,113.78,0.5513,11.22,19.54,0.2424,6,10,115.66,112.26999999999998,0.5254,10.6,23.8,0.22240000000000001,2025-03-25
MIL,PHI,1,0,10,2,4,10,115.54,113.78,0.5513,11.22,19.54,0.2424,2,10,113.79,123.79,0.5424,12.05,22.06,0.1963,2025-03-25
MIL,PHO,1,1,8,4,4,10,115.54,113.78,0.5513,11.22,19.54,0.2424,5,10,114.93999999999998,116.97,0.5551999999999999,13.41,25.080000000000002,0.18110000000000004,2025-03-25
MIL,PHX,1,1,6,6,4,10,115.54,113.78,0.5513,11.22,19.54,0.2424,6,10,123.97,117.97,0.595,12.819999999999999,26.04,0.1879,2025-03-25
MIL,POR,1,1,9,3,4,10,115.54,113.78,0.5513,11.22,19.54,0.2424,4,10,114.44000000000001,115.11999999999998,0.5202000000000001,13.569999999999999,34.3,0.17320000000000002,2025-03-25
MIL,SAC,1,1,9,3,4,10,115.54,113.78,0.5513,11.22,19.54,0.2424,2,10,114.12,125.47,0.5414000000000001,12.2,23.050000000000004,0.1915,2025-03-25
MIL,SAS,1,1,7,5,4,10,115.54,113.78,0.5513,11.22,19.54,0.2424,5,10,122.75,123.26000000000002,0.5769,11.790000000000001,28.610000000000003,0.1961,2025-03-25
MIL,TOR,0,1,7,5,4,10,115.54,113.78,0.5513,11.22,19.54,0.2424,5,10,109.04,112.33,0.4858999999999999,13.12,32.86999999999999,0.195,2025-03-25
MIL,UTA,1,0,11,1,4,10,115.54,113.78,0.5513,11.22,19.54,0.2424,1,10,106.27000000000001,120.0,0.5244,15.38,21.439999999999998,0.1784,2025-03-25
MIL,WAS,1,0,10,2,4,10,115.54,113.78,0.5513,11.22,19.54,0.2424,3,10,108.21999999999998,118.14000000000001,0.5089,13.0,25.279999999999998,0.1705,2025-03-25
MIN,NOP,1,0,11,1,7,10,122.42999999999999,111.5,0.5889,11.98,24.31,0.19480000000000003,3,10,112.66,125.47,0.5549000000000001,15.459999999999999,28.669999999999998,0.16899999999999998,2025-03-25
MIN,NYK,1,0,8,4,7,10,122.42999999999999,111.5,0.5889,11.98,24.31,0.19480000000000003,5,10,112.85,109.51000000000002,0.5288999999999999,12.14,25.439999999999998,0.175,2025-03-25
MIN,OKC,0,0,4,8,7,10,122.42999999999999,111.5,0.5889,11.98,24.31,0.19480000000000003,9,10,123.32000000000001,108.75,0.5799999999999998,10.620000000000001,23.22,0.19370000000000004,2025-03-25
MIN,ORL,1,0,9,3,7,10,122.42999999999999,111.5,0.5889,11.98,24.31,0.19480000000000003,6,10,115.66,112.26999999999998,0.5254,10.6,23.8,0.22240000000000001,2025-03-25
MIN,PHI,1,0,11,1,7,10,122.42999999999999,111.5,0.5889,11.98,24.31,0.19480000000000003,2,10,113.79,123.79,0.5424,12.05,22.06,0.1963,2025-03-25
MIN,PHO,1,0,9,3,7,10,122.42999999999999,111.5,0.5889,11.98,24.31,0.19480000000000003,5,10,114.93999999999998,116.97,0.5551999999999999,13.41,25.080000000000002,0.18110000000000004,2025-03-25
MIN,PHX,1,0,8,4,7,10,122.42999999999999,111.5,0.5889,11.98,24.31,0.19480000000000003,6,10,123.97,117.97,0.595,12.819999999999999,26.04,0.1879,2025-03-25
MIN,POR,1,0,11,1,7,10,122.42999999999999,111.5,0.5889,11.98,24.31,0.19480000000000003,4,10,114.44000000000001,115.11999999999998,0.5202000000000001,13.569999999999999,34.3,0.17320000000000002,2025-03-25
MIN,SAC,1,0,11,1,7,10,122.42999999999999,111.5,0.5889,11.98,24.31,0.19480000000000003,2,10,114.12,125.47,0.5414000000000001,12.2,23.050000000000004,0.1915,2025-03-25
MIN,SAS,1,0,7,5,7,10,122.42999999999999,111.5,0.5889,11.98,24.31,0.19480000000000003,5,10,122.75,123.26000000000002,0.5769,11.790000000000001,28.610000000000003,0.1961,2025-03-25
MIN,TOR,1,0,9,3,7,10,122.42999999999999,111.5,0.5889,11.98,24.31,0.19480000000000003,5,10,109.04,112.33,0.4858999999999999,13.12,32.86999999999999,0.195,2025-03-25
MIN,UTA,1,0,12,0,7,10,122.42999999999999,111.5,0.5889,11.98,24.31,0.19480000000000003,1,10,106.27000000000001,120.0,0.5244,15.38,21.439999999999998,0.1784,2025-03-25
MIN,WAS,1,0,10,2,7,10,122.42999999999999,111.5,0.5889,11.98,24.31,0.19480000000000003,3,10,108.21999999999998,118.14000000000001,0.5089,13.0,25.279999999999998,0.1705,2025-03-25
NOP,NYK,0,1,2,10,3,10,112.66,125.47,0.5549000000000001,15.459999999999999,28.669999999999998,0.16899999999999998,5,10,112.85,109.51000000000002,0.5288999999999999,12.14,25.439999999999998,0.175,2025-03-25
NOP,OKC,0,1,1,11,3,10,112.66,125.47,0.5549000000000001,15.459999999999999,28.669999999999998,0.16899999999999998,9,10,123.32000000000001,108.75,0.5799999999999998,10.620000000000001,23.22,0.19370000000000004,2025-03-25
NOP,ORL,1,1,2,10,3,10,112.66,125.47,0.5549000000000001,15.459999999999999,28.669999999999998,0.16899999999999998,6,10,115.66,112.26999999999998,0.5254,10.6,23.8,0.22240000000000001,2025-03-25
NOP,PHI,1,1,5,7,3,10,112.66,125.47,0.5549000000000001,15.459999999999999,28.669999999999998,0.16899999999999998,2,10,113.79,123.79,0.5424,12.05,22.06,0.1963,2025-03-25
NOP,PHO,0,1,2,10,3,10,112.66,125.47,0.5549000000000001,15.459999999999999,28.669999999999998,0.16899999999999998,5,10,114.93999999999998,116.97,0.5551999999999999,13.41,25.080000000000002,0.18110000000000004,2025-03-25
NOP,PHX,0,1,2,10,3,10,112.66,125.47,0.5549000000000001,15.459999999999999,28.669999999999998,0.16899999999999998,6,10,123.97,117.97,0.595,12.819999999999999,26.04,0.1879,2025-03-25
NOP,POR,0,1,1,11,3,10,112.66,125.47,0.5549000000000001,15.459999999999999,28.669999999999998,0.16899999999999998,4,10,114.44000000000001,115.11999999999998,0.5202000000000001,13.569999999999999,34.3,0.17320000000000002,2025-03-25
NOP,SAC,0,1,4,8,3,10,112.66,125.47,0.5549000000000001,15.459999999999999,28.669999999999998,0.16899999999999998,2,10,114.12,125.47,0.5414000000000001,12.2,23.050000000000004,0.1915,2025-03-25
NOP,SAS,0,1,2,10,3,10,112.66,125.47,0.5549000000000001,15.459999999999999,28.669999999999998,0.16899999999999998,5,10,122.75,123.26000000000002,0.5769,11.790000000000001,28.610000000000003,0.1961,2025-03-25
NOP,TOR,0,1,3,9,3,10,112.66,125.47,0.5549000000000001,15.459999999999999,28.669999999999998,0.16899999999999998,5,10,109.04,112.33,0.4858999999999999,13.12,32.86999999999999,0.195,2025-03-25
NOP,UTA,1,1,6,6,3,10,112.66,125.47,0.5549000000000001,15.459999999999999,28.669999999999998,0.16899999999999998,1,10,106.27000000000001,120.0,0.5244,15.38,21.439999999999998,0.1784,2025-03-25
NOP,WAS,0,1,4,8,3,10,112.66,125.47,0.5549000000000001,15.459999999999999,28.669999999999998,0.16899999999999998,3,10,108.21999999999998,118.14000000000001,0.5089,13.0,25.279999999999998,0.1705,2025-03-25
NYK,OKC,0,1,2,10,5,10,112.85,109.51000000000002,0.5288999999999999,12.14,25.439999999999998,0.175,9,10,123.32000000000001,108.75,0.5799999999999998,10.620000000000001,23.22,0.19370000000000004,2025-03-25
NYK,ORL,1,1,7,5,5,10,112.85,109.51000000000002,0.5288999999999999,12.14,25.439999999999998,0.175,6,10,115.66,112.26999999999998,0.5254,10.6,23.8,0.22240000000000001,2025-03-25
NYK,PHI,1,1,7,5,5,10,112.85,109.51000000000002,0.5288999999999999,12.14,25.439999999999998,0.175,2,10,113.79,123.79,0.5424,12.05,22.06,0.1963,2025-03-25
NYK,PHO,0,1,7,5,5,10,112.85,109.51000000000002,0.5288999999999999,12.14,25.439999999999998,0.175,5,10,114.93999999999998,116.97,0.5551999999999999,13.41,25.080000000000002,0.18110000000000004,2025-03-25
NYK,PHX,1,1,4,8,5,10,112.85,109.51000000000002,0.5288999999999999,12.14,25.439999999999998,0.175,6,10,123.97,117.97,0.595,12.819999999999999,26.04,0.1879,2025-03-25
NYK,POR,1,1,8,4,5,10,112.85,109.51000000000002,0.5288999999999999,12.14,25.439999999999998,0.175,4,10,114.44000000000001,115.11999999999998,0.5202000000000001,13.569999999999999,34.3,0.17320000000000002,2025-03-25
NYK,SAC,1,1,8,4,5,10,112.85,109.51000000000002,0.5288999999999999,12.14,25.439999999999998,0.175,2,10,114.12,125.47,0.5414000000000001,12.2,23.050000000000004,0.1915,2025-03-25
NYK,SAS,1,1,4,8,5,10,112.85,109.51000000000002,0.5288999999999999,12.14,25.439999999999998,0.175,5,10,122.75,123.26000000000002,0.5769,11.790000000000001,28.610000000000003,0.1961,2025-03-25
NYK,TOR,0,1,8,4,5,10,112.85,109.51000000000002,0.5288999999999999,12.14,25.439999999999998,0.175,5,10,109.04,112.33,0.4858999999999999,13.12,32.86999999999999,0.195,2025-03-25
NYK,UTA,1,1,10,2,5,10,112.85,109.51000000000002,0.5288999999999999,12.14,25.439999999999998,0.175,1,10,106.27000000000001,120.0,0.5244,15.38,21.439999999999998,0.1784,2025-03-25
NYK,WAS,1,1,11,1,5,10,112.85,109.51000000000002,0.5288999999999999,12.14,25.439999999999998,0.175,3,10,108.21999999999998,118.14000000000001,0.5089,13.0,25.279999999999998,0.1705,2025-03-25
OKC,ORL,1,0,8,4,9,10,123.32000000000001,108.75,0.5799999999999998,10.620000000000001,23.22,0.19370000000000004,6,10,115.66,112.26999999999998,0.5254,10.6,23.8,0.22240000000000001,2025-03-25
OKC,PHI,1,0,10,2,9,10,123.32000000000001,108.75,0.5799999999999998,10.620000000000001,23.22,0.19370000000000004,2,10,113.79,123.79,0.5424,12.05,22.06,0.1963,2025-03-25
OKC,PHO,1,0,11,1,9,10,123.32000000000001,108.75,0.5799999999999998,10.620000000000001,23.22,0.19370000000000004,5,10,114.93999999999998,116.97,0.5551999999999999,13.41,25.080000000000002,0.18110000000000004,2025-03-25
OKC,PHX,1,0,9,3,9,10,123.32000000000001,108.75,0.5799999999999998,10.620000000000001,23.22,0.19370000000000004,6,10,123.97,117.97,0.595,12.819999999999999,26.04,0.1879,2025-03-25
OKC,POR,1,0,10,2,9,10,123.32000000000001,108.75,0.5799999999999998,10.620000000000001,23.22,0.19370000000000004,4,10,114.44000000000001,115.11999999999998,0.5202000000000001,13.569999999999999,34.3,0.17320000000000002,2025-03-25
OKC,SAC,1,0,11,1,9,10,123.32000000000001,108.75,0.5799999999999998,10.620000000000001,23.22,0.19370000000000004,2,10,114.12,125.47,0.5414000000000001,12.2,23.050000000000004,0.1915,2025-03-25
OKC,SAS,1,0,9,3,9,10,123.32000000000001,108.75,0.5799999999999998,10.620000000000001,23.22,0.19370000000000004,5,10,122.75,123.26000000000002,0.5769,11.790000000000001,28.610000000000003,0.1961,2025-03-25
OKC,TOR,1,0,8,4,9,10,123.32000000000001,108.75,0.5799999999999998,10.620000000000001,23.22,0.19370000000000004,5,10,109.04,112.33,0.4858999999999999,13.12,32.86999999999999,0.195,2025-03-25
OKC,UTA,1,0,12,0,9,10,123.32000000000001,108.75,0.5799999999999998,10.620000000000001,23.22,0.19370000000000004,1,10,106.27000000000001,120.0,0.5244,15.38,21.439999999999998,0.1784,2025-03-25
OKC,WAS,1,0,11,1,9,10,123.32000000000001,108.75,0.5799999999999998,10.620000000000001,23.22,0.19370000000000004,3,10,108.21999999999998,118.14000000000001,0.5089,13.0,25.279999999999998,0.1705,2025-03-25
ORL,PHI,1,1,9,3,6,10,115.66,112.26999999999998,0.5254,10.6,23.8,0.22240000000000001,2,10,113.79,123.79,0.5424,12.05,22.06,0.1963,2025-03-25
ORL,PHO,0,1,9,3,6,10,115.66,112.26999999999998,0.5254,10.6,23.8,0.22240000000000001,5,10,114.93999999999998,116.97,0.5551999999999999,13.41,25.080000000000002,0.18110000000000004,2025-03-25
ORL,PHX,1,1,5,7,6,10,115.66,112.26999999999998,0.5254,10.6,23.8,0.22240000000000001,6,10,123.97,117.97,0.595,12.819999999999999,26.04,0.1879,2025-03-25
ORL,POR,1,1,10,2,6,10,115.66,112.26999999999998,0.5254,10.6,23.8,0.22240000000000001,4,10,114.44000000000001,115.11999999999998,0.5202000000000001,13.569999999999999,34.3,0.17320000000000002,2025-03-25
ORL,SAC,1,1,9,3,6,10,115.66,112.26999999999998,0.5254,10.6,23.8,0.22240000000000001,2,10,114.12,125.47,0.5414000000000001,12.2,23.050000000000004,0.1915,2025-03-25
ORL,SAS,1,1,6,6,6,10,115.66,112.26999999999998,0.5254,10.6,23.8,0.22240000000000001,5,10,122.75,123.26000000000002,0.5769,11.790000000000001,28.610000000000003,0.1961,2025-03-25
ORL,TOR,0,1,9,3,6,10,115.66,112.26999999999998,0.5254,10.6,23.8,0.22240000000000001,5,10,109.04,112.33,0.4858999999999999,13.12,32.86999999999999,0.195,2025-03-25
ORL,UTA,1,1,11,1,6,10,115.66,112.26999999999998,0.5254,10.6,23.8,0.22240000000000001,1,10,106.27000000000001,120.0,0.5244,15.38,21.439999999999998,0.1784,2025-03-25
ORL,WAS,1,1,9,3,6,10,115.66,112.26999999999998,0.5254,10.6,23.8,0.22240000000000001,3,10,108.21999999999998,118.14000000000001,0.5089,13.0,25.279999999999998,0.1705,2025-03-25
PHI,PHO,0,1,4,8,2,10,113.79,123.79,0.5424,12.05,22.06,0.1963,5,10,114.93999999999998,116.97,0.5551999999999999,13.41,25.080000000000002,0.18110000000000004,2025-03-25
PHI,PHX,0,1,4,8,2,10,113.79,123.79,0.5424,12.05,22.06,0.1963,6,10,123.97,117.97,0.595,12.819999999999999,26.04,0.1879,2025-03-25
PHI,POR,0,1,5,7,2,10,113.79,123.79,0.5424,12.05,22.06,0.1963,4,10,114.44000000000001,115.11999999999998,0.5202000000000001,13.569999999999999,34.3,0.17320000000000002,2025-03-25
PHI,SAC,1,1,8,4,2,10,113.79,123.79,0.5424,12.05,22.06,0.1963,2,10,114.12,125.47,0.5414000000000001,12.2,23.050000000000004,0.1915,2025-03-25
PHI,SAS,0,1,3,9,2,10,113.79,123.79,0.5424,12.05,22.06,0.1963,5,10,122.75,123.26000000000002,0.5769,11.790000000000001,28.610000000000003,0.1961,2025-03-25
PHI,TOR,0,1,6,6,2,10,113.79,123.79,0.5424,12.05,22.06,0.1963,5,10,109.04,112.33,0.4858999999999999,13.12,32.86999999999999,0.195,2025-03-25
PHI,UTA,1,1,9,3,2,10,113.79,123.79,0.5424,12.05,22.06,0.1963,1,10,106.27000000000001,120.0,0.5244,15.38,21.439999999999998,0.1784,2025-03-25
PHI,WAS,1,1,8,4,2,10,113.79,123.79,0.5424,12.05,22.06,0.1963,3,10,108.21999999999998,118.14000000000001,0.5089,13.0,25.279999999999998,0.1705,2025-03-25
PHO,PHX,1,1,3,9,5,10,114.93999999999998,116.97,0.5551999999999999,13.41,25.080000000000002,0.18110000000000004,6,10,123.97,117.97,0.595,12.819999999999999,26.04,0.1879,2025-03-25
PHO,POR,1,0,7,5,5,10,114.93999999999998,116.97,0.5551999999999999,13.41,25.080000000000002,0.18110000000000004,4,10,114.44000000000001,115.11999999999998,0.5202000000000001,13.569999999999999,34.3,0.17320000000000002,2025-03-25
PHO,SAC,1,0,7,5,5,10,114.93999999999998,116.97,0.5551999999999999,13.41,25.080000000000002,0.18110000000000004,2,10,114.12,125.47,0.5414000000000001,12.2,23.050000000000004,0.1915,2025-03-25
PHO,SAS,1,1,3,9,5,10,114.93999999999998,116.97,0.5551999999999999,13.41,25.080000000000002,0.18110000000000004,5,10,122.75,123.26000000000002,0.5769,11.790000000000001,28.610000000000003,0.1961,2025-03-25
PHO,TOR,0,0,4,8,5,10,114.93999999999998,116.97,0.5551999999999999,13.41,25.080000000000002,0.18110000000000004,5,10,109.04,112.33,0.4858999999999999,13.12,32.86999999999999,0.195,2025-03-25
PHO,UTA,1,0,11,1,5,10,114.93999999999998,116.97,0.5551999999999999,13.41,25.080000000000002,0.18110000000000004,1,10,106.27000000000001,120.0,0.5244,15.38,21.439999999999998,0.1784,2025-03-25
PHO,WAS,1,0,7,5,5,10,114.93999999999998,116.97,0.5551999999999999,13.41,25.080000000000002,0.18110000000000004,3,10,108.21999999999998,118.14000000000001,0.5089,13.0,25.279999999999998,0.1705,2025-03-25
PHX,POR,1,1,7,5,6,10,123.97,117.97,0.595,12.819999999999999,26.04,0.1879,4,10,114.44000000000001,115.11999999999998,0.5202000000000001,13.569999999999999,34.3,0.17320000000000002,2025-03-25
PHX,SAC,1,1,9,3,6,10,123.97,117.97,0.595,12.819999999999999,26.04,0.1879,2,10,114.12,125.47,0.5414000000000001,12.2,23.050000000000004,0.1915,2025-03-25
PHX,SAS,1,1,7,5,6,10,123.97,117.97,0.595,12.819999999999999,26.04,0.1879,5,10,122.75,123.26000000000002,0.5769,11.790000000000001,28.610000000000003,0.1961,2025-03-25
PHX,TOR,0,1,7,5,6,10,123.97,117.97,0.595,12.819999999999999,26.04,0.1879,5,10,109.04,112.33,0.4858999999999999,13.12,32.86999999999999,0.195,2025-03-25
PHX,UTA,1,0,10,2,6,10,123.97,117.97,0.595,12.819999999999999,26.04,0.1879,1,10,106.27000000000001,120.0,0.5244,15.38,21.439999999999998,0.1784,2025-03-25
PHX,WAS,1,0,10,2,6,10,123.97,117.97,0.595,12.819999999999999,26.04,0.1879,3,10,108.21999999999998,118.14000000000001,0.5089,13.0,25.279999999999998,0.1705,2025-03-25
POR,SAC,1,1,8,4,4,10,114.44000000000001,115.11999999999998,0.5202000000000001,13.569999999999999,34.3,0.17320000000000002,2,10,114.12,125.47,0.5414000000000001,12.2,23.050000000000004,0.1915,2025-03-25
POR,SAS,1,1,3,9,4,10,114.44000000000001,115.11999999999998,0.5202000000000001,13.569999999999999,34.3,0.17320000000000002,5,10,122.75,123.26000000000002,0.5769,11.790000000000001,28.610000000000003,0.1961,2025-03-25
POR,TOR,0,0,7,5,4,10,114.44000000000001,115.11999999999998,0.5202000000000001,13.569999999999999,34.3,0.17320000000000002,5,10,109.04,112.33,0.4858999999999999,13.12,32.86999999999999,0.195,2025-03-25
POR,UTA,1,0,9,3,4,10,114.44000000000001,115.11999999999998,0.5202000000000001,13.569999999999999,34.3,0.17320000000000002,1,10,106.27000000000001,120.0,0.5244,15.38,21.439999999999998,0.1784,2025-03-25
POR,WAS,1,0,10,2,4,10,114.44000000000001,115.11999999999998,0.5202000000000001,13.569999999999999,34.3,0.17320000000000002,3,10,108.21999999999998,118.14000000000001,0.5089,13.0,25.279999999999998,0.1705,2025-03-25
SAC,SAS,1,1,1,11,2,10,114.12,125.47,0.5414000000000001,12.2,23.050000000000004,0.1915,5,10,122.75,123.26000000000002,0.5769,11.790000000000001,28.610000000000003,0.1961,2025-03-25
SAC,TOR,0,1,5,7,2,10,114.12,125.47,0.5414000000000001,12.2,23.050000000000004,0.1915,5,10,109.04,112.33,0.4858999999999999,13.12,32.86999999999999,0.195,2025-03-25
SAC,UTA,1,1,9,3,2,10,114.12,125.47,0.5414000000000001,12.2,23.050000000000004,0.1915,1,10,106.27000000000001,120.0,0.5244,15.38,21.439999999999998,0.1784,2025-03-25
SAC,WAS,1,1,6,6,2,10,114.12,125.47,0.5414000000000001,12.2,23.050000000000004,0.1915,3,10,108.21999999999998,118.14000000000001,0.5089,13.0,25.279999999999998,0.1705,2025-03-25
SAS,TOR,0,0,8,4,5,10,122.75,123.26000000000002,0.5769,11.790000000000001,28.610000000000003,0.1961,5,10,109.04,112.33,0.4858999999999999,13.12,32.86999999999999,0.195,2025-03-25
SAS,UTA,1,0,10,2,5,10,122.75,123.26000000000002,0.5769,11.790000000000001,28.610000000000003,0.1961,1,10,106.27000000000001,120.0,0.5244,15.38,21.439999999999998,0.1784,2025-03-25
SAS,WAS,1,0,10,2,5,10,122.75,123.26000000000002,0.5769,11.790000000000001,28.610000000000003,0.1961,3,10,108.21999999999998,118.14000000000001,0.5089,13.0,25.279999999999998,0.1705,2025-03-25
TOR,UTA,1,0,9,3,5,10,109.04,112.33,0.4858999999999999,13.12,32.86999999999999,0.195,1,10,106.27000000000001,120.0,0.5244,15.38,21.439999999999998,0.1784,2025-03-25
TOR,WAS,1,0,9,3,5,10,109.04,112.33,0.4858999999999999,13.12,32.86999999999999,0.195,3,10,108.21999999999998,118.14000000000001,0.5089,13.0,25.279999999999998,0.1705,2025-03-25
UTA,WAS,1,1,4,8,1,10,106.27000000000001,120.0,0.5244,15.38,21.439999999999998,0.1784,3,10,108.21999999999998,118.14000000000001,0.5089,13.0,25.279999999999998,0.1705,2025-03-25
